Opened log file 'C:\Users\esihun\AppData\Local\Temp\gbresolve-20260315-125242\g.log'

************* Preparing the environment for Debugger Extensions Gallery repositories **************
   ExtensionRepository : Implicit
   UseExperimentalFeatureForNugetShare : true
   AllowNugetExeUpdate : true
   NonInteractiveNuget : true
   AllowNugetMSCredentialProviderInstall : true
   AllowParallelInitializationOfLocalRepositories : true

   EnableRedirectToV8JsProvider : false

   -- Configuring repositories
      ----> Repository : LocalInstalled, Enabled: true
      ----> Repository : UserExtensions, Enabled: true

>>>>>>>>>>>>> Preparing the environment for Debugger Extensions Gallery repositories completed, duration 0.000 seconds

************* Waiting for Debugger Extensions Gallery to Initialize **************

>>>>>>>>>>>>> Waiting for Debugger Extensions Gallery to Initialize completed, duration 0.016 seconds
   ----> Repository : UserExtensions, Enabled: true, Packages count: 0
   ----> Repository : LocalInstalled, Enabled: true, Packages count: 30

Microsoft (R) Windows Debugger Version 10.0.26100.7705 AMD64
Copyright (c) Microsoft Corporation. All rights reserved.

*** wait with pending attach
NatVis script successfully loaded from 'C:\Program Files (x86)\Windows Kits\10\Debuggers\x64\Visualizers\atlmfc.natvis'
NatVis script successfully loaded from 'C:\Program Files (x86)\Windows Kits\10\Debuggers\x64\Visualizers\ObjectiveC.natvis'
NatVis script successfully loaded from 'C:\Program Files (x86)\Windows Kits\10\Debuggers\x64\Visualizers\concurrency.natvis'
NatVis script successfully loaded from 'C:\Program Files (x86)\Windows Kits\10\Debuggers\x64\Visualizers\cpp_rest.natvis'
NatVis script successfully loaded from 'C:\Program Files (x86)\Windows Kits\10\Debuggers\x64\Visualizers\stl.natvis'
NatVis script successfully loaded from 'C:\Program Files (x86)\Windows Kits\10\Debuggers\x64\Visualizers\Windows.Data.Json.natvis'
NatVis script successfully loaded from 'C:\Program Files (x86)\Windows Kits\10\Debuggers\x64\Visualizers\Windows.Devices.Geolocation.natvis'
NatVis script successfully loaded from 'C:\Program Files (x86)\Windows Kits\10\Debuggers\x64\Visualizers\Windows.Devices.Sensors.natvis'
NatVis script successfully loaded from 'C:\Program Files (x86)\Windows Kits\10\Debuggers\x64\Visualizers\Windows.Media.natvis'
NatVis script successfully loaded from 'C:\Program Files (x86)\Windows Kits\10\Debuggers\x64\Visualizers\windows.natvis'
NatVis script successfully loaded from 'C:\Program Files (x86)\Windows Kits\10\Debuggers\x64\Visualizers\winrt.natvis'

************* Path validation summary **************
Response                         Time (ms)     Location
Deferred                                       srv*
Symbol search path is: srv*
Executable search path is: 
ModLoad: 00007ff6`6ede0000 00007ff6`6fcd7000   GameBar.exe
ModLoad: 00007ff8`41a40000 00007ff8`41ca7000   ntdll.dll
ModLoad: 00007ff8`3fdb0000 00007ff8`3fe79000   C:\WINDOWS\System32\KERNEL32.DLL
ModLoad: 00007ff8`3eb70000 00007ff8`3ef60000   C:\WINDOWS\System32\KERNELBASE.dll
ModLoad: 00007ff8`412d0000 00007ff8`41495000   C:\WINDOWS\System32\USER32.dll
ModLoad: 00007ff8`3f470000 00007ff8`3f497000   C:\WINDOWS\System32\win32u.dll
ModLoad: 00007ff8`0b020000 00007ff8`0b06c000   C:\Program Files\WindowsApps\Microsoft.XboxGamingOverlay_7.325.10021.0_x64__8wekyb3d8bbwe\GamingTelemetryNuGet.dll
ModLoad: 00007ff8`410d0000 00007ff8`411e8000   C:\WINDOWS\System32\RPCRT4.dll
ModLoad: 00007ff8`412a0000 00007ff8`412cb000   C:\WINDOWS\System32\GDI32.dll
ModLoad: 00007ff8`3f690000 00007ff8`3f7c8000   C:\WINDOWS\System32\gdi32full.dll
ModLoad: 00007ff8`3ffa0000 00007ff8`40325000   C:\WINDOWS\System32\combase.dll
ModLoad: 00007ff8`3f240000 00007ff8`3f2e3000   C:\WINDOWS\System32\msvcp_win.dll
ModLoad: 00007ff8`3f0f0000 00007ff8`3f23b000   C:\WINDOWS\System32\ucrtbase.dll
ModLoad: 00007ff8`40e30000 00007ff8`40e9a000   C:\WINDOWS\System32\SHLWAPI.dll
ModLoad: 00007ff8`40460000 00007ff8`40514000   C:\WINDOWS\System32\ADVAPI32.dll
ModLoad: 00007ff8`414a0000 00007ff8`41549000   C:\WINDOWS\System32\msvcrt.dll
ModLoad: 00007ff8`3fef0000 00007ff8`3ff96000   C:\WINDOWS\System32\sechost.dll
ModLoad: 00007ff8`3fcb0000 00007ff8`3fd90000   C:\WINDOWS\System32\OLEAUT32.dll
ModLoad: 00007ff8`3d8f0000 00007ff8`3d90b000   C:\WINDOWS\SYSTEM32\kernel.appcore.dll
ModLoad: 00007ff8`40c80000 00007ff8`40e20000   C:\WINDOWS\System32\ole32.dll
ModLoad: 00007ff8`38420000 00007ff8`3843b000   C:\WINDOWS\SYSTEM32\wkscli.dll
ModLoad: 00007ff8`3c070000 00007ff8`3c1ae000   C:\WINDOWS\SYSTEM32\dxgi.dll
ModLoad: 00007ff8`0ae00000 00007ff8`0ae52000   C:\Program Files\WindowsApps\microsoft.vclibs.140.00_14.0.33519.0_x64__8wekyb3d8bbwe\vccorlib140_app.DLL
ModLoad: 00007fff`d4150000 00007fff`d41dc000   C:\Program Files\WindowsApps\microsoft.vclibs.140.00_14.0.33519.0_x64__8wekyb3d8bbwe\MSVCP140_APP.dll
ModLoad: 00007ff8`1de00000 00007ff8`1de23000   C:\WINDOWS\SYSTEM32\d3d12.dll
ModLoad: 00007ff8`26f80000 00007ff8`26f8c000   C:\Program Files\WindowsApps\microsoft.vclibs.140.00_14.0.33519.0_x64__8wekyb3d8bbwe\VCRUNTIME140_1_APP.dll
ModLoad: 00007ff8`26f40000 00007ff8`26f5d000   C:\Program Files\WindowsApps\microsoft.vclibs.140.00_14.0.33519.0_x64__8wekyb3d8bbwe\VCRUNTIME140_APP.dll
(1744.587c): Break instruction exception - code 80000003 (first chance)
ntdll!LdrpDoDebuggerBreak+0x35:
00007ff8`41b64199 cc              int     3
0:000> .symfix
0:000> .reload /f
Reloading current modules
...........................

************* Symbol Loading Error Summary **************
Module name            Error
GameBar                The system cannot find the file specified

You can troubleshoot most symbol related issues by turning on symbol loading diagnostics (!sym noisy) and repeating the command that caused symbols to be loaded.
You should also verify that your symbol search path (.sympath) is correct.
0:000> sxe -c ".echo [GBLOAD] mod=kernelbase.dll; g" ld:kernelbase
0:000> sxe -c ".echo [GBLOAD] mod=kernel32.dll; g" ld:kernel32
0:000> sxe -c ".echo [GBLOAD] mod=user32.dll; g" ld:user32
0:000> sxe -c ".echo [GBLOAD] mod=combase.dll; g" ld:combase
0:000> bu kernelbase!LoadLibraryExW ".echo [GBRESOLVE] func=kernelbase!LoadLibraryExW; .if (@rcx != 0) { du @rcx }; kb 5; g"
0:000> bu kernelbase!LoadPackagedLibrary ".echo [GBRESOLVE] func=kernelbase!LoadPackagedLibrary; .if (@rcx != 0) { du @rcx }; kb 5; g"
0:000> bu kernelbase!GetProcAddress ".echo [GBRESOLVE] func=kernelbase!GetProcAddress; r rcx; r rdx; .if (@rdx > 0x10000) { da @rdx }; kb 5; g"
0:000> bu kernel32!GetProcAddress ".echo [GBRESOLVE] func=kernel32!GetProcAddress; r rcx; r rdx; .if (@rdx > 0x10000) { da @rdx }; kb 5; g"
Couldn't resolve error at 'kernel32!GetProcAddress ".echo [GBRESOLVE] func=kernel32!GetProcAddress; r rcx; r rdx; .if (@rdx > 0x10000) { da @rdx }; kb 5; g"'
0:000> g
[GBRESOLVE] func=kernelbase!LoadLibraryExW
00007ff8`3f1fcc30  "api-ms-win-core-synch-l1-2-0"
RetAddr               : Args to Child                                                           : Call Site
00007ff8`3f1a30f3     : 00000000`00000000 00000000`00000000 00000000`00000000 00000000`00000000 : KERNELBASE!LoadLibraryExW
00007ff8`3f1a3332     : 00000000`00000fa0 0000002a`3abdf550 00000000`00000000 00000000`00000001 : ucrtbase!try_get_function+0x8b
00007ff8`3f1a2fbc     : 00000000`00000000 0000020f`f5110350 029c6fbf`00000000 9c002400`00000000 : ucrtbase!_vcrt_InitializeCriticalSectionEx+0x36
00007ff8`3f1a2986     : 00000000`0000001f 00000000`00000000 0000020f`f5110350 00007ff8`41169fe9 : ucrtbase!_vcrt_initialize_locks+0x24
00007ff8`3f106e0d     : 0000002a`3abdf550 00007ff8`3f153c3d 0000002a`3abdf9f0 00007ff8`41a4c8ae : ucrtbase!_vcrt_initialize+0xe
[GBRESOLVE] func=kernelbase!GetProcAddress
rcx=00007ff83eb70000
rdx=00007ff83f1fba40
00007ff8`3f1fba40  "InitializeCriticalSectionEx"
RetAddr               : Args to Child                                                           : Call Site
00007ff8`3f1a31a5     : 00000000`00000000 00000000`00000000 00000000`00000000 00000000`00000000 : KERNELBASE!GetProcAddress
00007ff8`3f1a3332     : 00000000`00000fa0 0000002a`3abdf550 00000000`00000000 00000000`00000001 : ucrtbase!try_get_function+0x13d
00007ff8`3f1a2fbc     : 00000000`00000000 0000020f`f5110350 029c6fbf`00000000 9c002400`00000000 : ucrtbase!_vcrt_InitializeCriticalSectionEx+0x36
00007ff8`3f1a2986     : 00000000`0000001f 00000000`00000000 0000020f`f5110350 00007ff8`41169fe9 : ucrtbase!_vcrt_initialize_locks+0x24
00007ff8`3f106e0d     : 0000002a`3abdf550 00007ff8`3f153c3d 0000002a`3abdf9f0 00007ff8`41a4c8ae : ucrtbase!_vcrt_initialize+0xe
[GBRESOLVE] func=kernelbase!LoadLibraryExW
00007ff8`3f1fb9a0  "api-ms-win-core-fibers-l1-1-1"
RetAddr               : Args to Child                                                           : Call Site
00007ff8`3f1a30f3     : 00002678`164f5b8d 00007ff8`3ec390e0 00000000`00000fa0 00007ff8`3ec390eb : KERNELBASE!LoadLibraryExW
00007ff8`3f1a31e5     : 00007ff8`3f1a29e0 0000002a`3abdf550 0000020f`f5110350 00000000`00000001 : ucrtbase!try_get_function+0x8b
00007ff8`3f1a2b54     : 00000000`00000000 0000020f`f5110350 029c6fbf`00000000 9c002400`00000000 : ucrtbase!_vcrt_FlsAlloc+0x25
00007ff8`3f1a2993     : 00000000`0000001f 00000000`00000000 0000020f`f5110350 00007ff8`41169fe9 : ucrtbase!_vcrt_initialize_ptd+0x10
00007ff8`3f106e0d     : 0000002a`3abdf550 00007ff8`3f153c3d 0000002a`3abdf9f0 00007ff8`41a4c8ae : ucrtbase!_vcrt_initialize+0x1b
[GBRESOLVE] func=kernelbase!GetProcAddress
rcx=00007ff83eb70000
rdx=00007ff83f1fb9e8
00007ff8`3f1fb9e8  "FlsAlloc"
RetAddr               : Args to Child                                                           : Call Site
00007ff8`3f1a31a5     : 00002678`00000000 00000000`00000000 00000000`00000fa0 00000000`00000000 : KERNELBASE!GetProcAddress
00007ff8`3f1a31e5     : 00007ff8`3f1a29e0 0000002a`3abdf550 0000020f`f5110350 00000000`00000001 : ucrtbase!try_get_function+0x13d
00007ff8`3f1a2b54     : 00000000`00000000 0000020f`f5110350 029c6fbf`00000000 9c002400`00000000 : ucrtbase!_vcrt_FlsAlloc+0x25
00007ff8`3f1a2993     : 00000000`0000001f 00000000`00000000 0000020f`f5110350 00007ff8`41169fe9 : ucrtbase!_vcrt_initialize_ptd+0x10
00007ff8`3f106e0d     : 0000002a`3abdf550 00007ff8`3f153c3d 0000002a`3abdf9f0 00007ff8`41a4c8ae : ucrtbase!_vcrt_initialize+0x1b
[GBRESOLVE] func=kernelbase!GetProcAddress
rcx=00007ff83eb70000
rdx=00007ff83f1fba28
00007ff8`3f1fba28  "FlsSetValue"
RetAddr               : Args to Child                                                           : Call Site
00007ff8`3f1a31a5     : 00000000`7ffe0384 00007ff8`41a6af0b 00000000`00000000 00000000`00000000 : KERNELBASE!GetProcAddress
00007ff8`3f1a32d2     : 00007ff8`3f2280e0 0000002a`3abdf550 0000020f`f5110350 00000000`00000001 : ucrtbase!try_get_function+0x13d
00007ff8`3f1a2b6d     : 00000000`00000000 0000020f`00000001 029c6fbf`00000000 9c002400`00000000 : ucrtbase!_vcrt_FlsSetValue+0x2e
00007ff8`3f1a2993     : 00000000`0000001f 00000000`00000000 0000020f`f5110350 00007ff8`41169fe9 : ucrtbase!_vcrt_initialize_ptd+0x29
00007ff8`3f106e0d     : 0000002a`3abdf550 00007ff8`3f153c3d 0000002a`3abdf9f0 00007ff8`41a4c8ae : ucrtbase!_vcrt_initialize+0x1b
[GBRESOLVE] func=kernelbase!LoadLibraryExW
00007ff8`3f1fca00  "api-ms-win-core-fibers-l1-1-2"
RetAddr               : Args to Child                                                           : Call Site
00007ff8`3f166225     : 0000002a`3abdf550 00007ff8`3f1e84d0 00002678`164f5a7d 00000000`00000000 : KERNELBASE!LoadLibraryExW
00007ff8`3f10423b     : 00007ff8`3f1f5c28 00000000`00000003 00007ff8`3f1f5c18 00007ff8`3f1f5c30 : ucrtbase!try_get_module+0x71
00007ff8`3f186fe7     : 00007ff8`3f1e8540 0000002a`3abdf550 00007ff8`3f1e84f0 00007ff8`3f1e84d0 : ucrtbase!try_get_function_slow+0x2b
00007ff8`3f16ad56     : 00000000`00000008 00000000`00000000 029c6fbf`00000000 9c002400`00000000 : ucrtbase!_acrt_initialize_ptd+0x37
00007ff8`3f106e26     : 00000000`00000000 0000020f`f5110350 0000020f`f5110350 00007ff8`41a4c8ae : ucrtbase!_acrt_execute_initializers+0x4e
[GBRESOLVE] func=kernelbase!GetProcAddress
rcx=00007ff83eb70000
rdx=00007ff83f1f5c18
00007ff8`3f1f5c18  "FlsGetValue2"
RetAddr               : Args to Child                                                           : Call Site
00007ff8`3f104252     : 00007ff8`3f1f5c28 00000000`00000003 00007ff8`3f1f5c18 00007ff8`3f1f5c30 : KERNELBASE!GetProcAddress
00007ff8`3f186fe7     : 00007ff8`3f1e8540 0000002a`3abdf550 00007ff8`3f1e84f0 00007ff8`3f1e84d0 : ucrtbase!try_get_function_slow+0x42
00007ff8`3f16ad56     : 00000000`00000008 00000000`00000000 029c6fbf`00000000 9c002400`00000000 : ucrtbase!_acrt_initialize_ptd+0x37
00007ff8`3f106e26     : 00000000`00000000 0000020f`f5110350 0000020f`f5110350 00007ff8`41a4c8ae : ucrtbase!_acrt_execute_initializers+0x4e
00007ff8`41ba0cee     : 00000000`7ffe0385 0000020f`f5110350 00000000`00000000 00000000`00000000 : ucrtbase!DllMainDispatch+0xe6
[GBRESOLVE] func=kernelbase!LoadLibraryExW
00007ff8`3f1fcaf0  "api-ms-win-core-localization-l1-"
00007ff8`3f1fcb30  "2-1"
RetAddr               : Args to Child                                                           : Call Site
00007ff8`3f166225     : 00006e04`f2675359 00007ff8`41b67928 00006e04`f26752a9 00000000`00000100 : KERNELBASE!LoadLibraryExW
00007ff8`3f10423b     : 00007ff8`3f1f05c0 00000000`00000012 00007ff8`3f1f05c8 00007ff8`3f1f05c8 : ucrtbase!try_get_module+0x71
00007ff8`3f0fa49c     : 0000002a`3abde7b0 0000002a`3abde6e0 0000002a`3abde5e0 00000000`00000100 : ucrtbase!try_get_function_slow+0x2b
00007ff8`3f0fafd1     : 00000000`000003b5 00000000`00000100 00007ff8`3f1f0868 0000002a`3abdf9f0 : ucrtbase!__acrt_LCMapStringA_stat+0x44c
00007ff8`3f0fae4a     : 00007ff8`3f0f0000 0000020f`f511ad10 00000000`000003b5 00000000`00000002 : ucrtbase!setSBUpLow+0x111
[GBRESOLVE] func=kernelbase!GetProcAddress
rcx=00007ff83eb70000
rdx=00007ff83f1f05c8
00007ff8`3f1f05c8  "LCMapStringEx"
RetAddr               : Args to Child                                                           : Call Site
00007ff8`3f104252     : 00007ff8`3f1f05c0 00000000`00000012 00007ff8`3f1f05c8 00007ff8`3f1f05c8 : KERNELBASE!GetProcAddress
00007ff8`3f0fa49c     : 0000002a`3abde7b0 0000002a`3abde6e0 0000002a`3abde5e0 00000000`00000100 : ucrtbase!try_get_function_slow+0x42
00007ff8`3f0fafd1     : 00000000`000003b5 00000000`00000100 00007ff8`3f1f0868 0000002a`3abdf9f0 : ucrtbase!__acrt_LCMapStringA_stat+0x44c
00007ff8`3f0fae4a     : 00007ff8`3f0f0000 0000020f`f511ad10 00000000`000003b5 00000000`00000002 : ucrtbase!setSBUpLow+0x111
00007ff8`3f0fa906     : 00000000`fffffffd 00000000`fffffffd 0000020f`f511ad10 0000002a`3abdf550 : ucrtbase!_setmbcp_nolock+0x29a
[GBRESOLVE] func=kernelbase!GetProcAddress
rcx=00007ff83eb70000
rdx=00007ff840274278
00007ff8`40274278  "SleepConditionVariableCS"
RetAddr               : Args to Child                                                           : Call Site
00007ff8`40125e66     : 00007ff8`3eb70000 0000002a`3abdf9f0 029c6fbf`00000001 9c002400`00000000 : KERNELBASE!GetProcAddress
(Inline Function)     : --------`-------- --------`-------- --------`-------- --------`-------- : combase!__scrt_initialize_thread_safe_statics_platform_specific+0x4c
00007ff8`3f1632b2     : 00007ff8`402564f8 00000000`7ffe0385 0000002a`3abdf9f0 00007ff8`41a4c8ae : combase!__scrt_initialize_thread_safe_statics+0x56
00007ff8`40125762     : 00000000`7ffe0300 0000002a`3abdf550 0000002a`3abdf9f0 00000000`00000001 : ucrtbase!initterm_e+0x92
00007ff8`401258fb     : 00000000`7ffe0385 0000002a`3abdf9f0 00000000`00000000 00000000`00000001 : combase!dllmain_crt_process_attach+0x7a
[GBRESOLVE] func=kernelbase!GetProcAddress
rcx=00007ff83eb70000
rdx=00007ff840274298
00007ff8`40274298  "WakeAllConditionVariable"
RetAddr               : Args to Child                                                           : Call Site
00007ff8`40125e79     : 00007ff8`3f163370 00007ff8`3ec48160 029c6fbf`00000001 9c002400`00000000 : KERNELBASE!GetProcAddress
(Inline Function)     : --------`-------- --------`-------- --------`-------- --------`-------- : combase!__scrt_initialize_thread_safe_statics_platform_specific+0x5f
00007ff8`3f1632b2     : 00007ff8`402564f8 00000000`7ffe0385 0000002a`3abdf9f0 00007ff8`41a4c8ae : combase!__scrt_initialize_thread_safe_statics+0x69
00007ff8`40125762     : 00000000`7ffe0300 0000002a`3abdf550 0000002a`3abdf9f0 00000000`00000001 : ucrtbase!initterm_e+0x92
00007ff8`401258fb     : 00000000`7ffe0385 0000002a`3abdf9f0 00000000`00000000 00000000`00000001 : combase!dllmain_crt_process_attach+0x7a
[GBRESOLVE] func=kernelbase!GetProcAddress
rcx=00007ff8410d0000
rdx=00007ff8402645f8
00007ff8`402645f8  "I_RpcInitNdrImports"
RetAddr               : Args to Child                                                           : Call Site
00007ff8`3ffeb23d     : 00007ff8`410d0000 0000002a`3abdf210 0000fda0`f9622a4f 0000002a`3abdf9f0 : KERNELBASE!GetProcAddress
00007ff8`3ffea3d0     : 00000000`7ffe0301 00000000`00000002 0000002a`00000000 0000002a`3abdf550 : combase!NdrOleInitializeImports+0x2d
00007ff8`40125916     : 00000000`00000001 0000002a`3abdf9f0 00000000`00000001 00000000`00000001 : combase!DllMain+0x94
00007ff8`41ba0cee     : 00007ff8`3ffa0000 0000020f`00000001 0000002a`3abdf9f0 00000000`7ffe0385 : combase!dllmain_dispatch+0x8e
00007ff8`41ab29fe     : 00000000`00000000 00000000`00000000 00000000`00000000 00000000`00000000 : ntdll!LdrpCallInitRoutineInternal+0x22
[GBRESOLVE] func=kernelbase!LoadLibraryExW
00007ff8`3f1fce98  "kernel32"
RetAddr               : Args to Child                                                           : Call Site
00007ff8`3f166225     : 00000000`00000100 00007ff8`41a43e64 00007ff8`3f240000 00007ff8`3f240000 : KERNELBASE!LoadLibraryExW
00007ff8`3f10423b     : 00007ff8`3f1f1878 00000000`00000000 00007ff8`3f1f1868 00007ff8`3f1f187c : ucrtbase!try_get_module+0x71
00007ff8`3f12f91e     : 0000020f`f512e570 00007ff8`3f2d99e0 00007ff8`3f105e00 00000000`00000001 : ucrtbase!try_get_function_slow+0x2b
00007ff8`3f24a6a5     : 00007ff8`3f25f9d0 00007ff8`3f104844 00007ff8`3f2d9a1c 00007ff8`3f268a6f : ucrtbase!lock_locales+0x14e
00007ff8`3f24a437     : 00007ff8`00000000 00007ff8`3f25f9d0 0000020f`f512e570 00007ff8`0000000d : msvcp_win!std::locale::_Init+0x25
[GBRESOLVE] func=kernelbase!GetProcAddress
rcx=00007ff83fdb0000
rdx=00007ff83f1f1868
00007ff8`3f1f1868  "AreFileApisANSI"
RetAddr               : Args to Child                                                           : Call Site
00007ff8`3f104252     : 00007ff8`3f1f1878 00000000`00000000 00007ff8`3f1f1868 00007ff8`3f1f187c : KERNELBASE!GetProcAddress
00007ff8`3f12f91e     : 0000020f`f512e570 00007ff8`3f2d99e0 00007ff8`3f105e00 00000000`00000001 : ucrtbase!try_get_function_slow+0x42
00007ff8`3f24a6a5     : 00007ff8`3f25f9d0 00007ff8`3f104844 00007ff8`3f2d9a1c 00007ff8`3f268a6f : ucrtbase!lock_locales+0x14e
00007ff8`3f24a437     : 00007ff8`00000000 00007ff8`3f25f9d0 0000020f`f512e570 00007ff8`0000000d : msvcp_win!std::locale::_Init+0x25
00007ff8`3f25db30     : 00007ff8`3f227c98 0000002a`3abdf550 0000002a`3abdf9f0 9c002400`00000001 : msvcp_win!std::basic_streambuf<unsigned short,std::char_traits<unsigned short> >::basic_streambuf<unsigned short,std::char_traits<unsigned short> >+0x87
[GBRESOLVE] func=kernelbase!LoadLibraryExW
00007ff8`3f1fcbf0  "api-ms-win-core-string-l1-1-0"
RetAddr               : Args to Child                                                           : Call Site
00007ff8`3f166225     : 00007ff8`3f2d99f8 00007ff8`3f2d9a00 00007ff8`3f238000 00000000`00000100 : KERNELBASE!LoadLibraryExW
00007ff8`3f10423b     : 00007ff8`3f1f1b00 00000000`00000001 00007ff8`3f1f1af0 00007ff8`3f1f1b08 : ucrtbase!try_get_module+0x71
00007ff8`3f12f942     : 0000020f`f512e570 00007ff8`3f2d99e0 00007ff8`00000004 00000000`00000001 : ucrtbase!try_get_function_slow+0x2b
00007ff8`3f24a6a5     : 00007ff8`3f25f9d0 00007ff8`3f104844 00007ff8`3f2d9a1c 00007ff8`3f268a6f : ucrtbase!lock_locales+0x172
00007ff8`3f24a437     : 00007ff8`00000000 00007ff8`3f25f9d0 0000020f`f512e570 00007ff8`0000000d : msvcp_win!std::locale::_Init+0x25
[GBRESOLVE] func=kernelbase!GetProcAddress
rcx=00007ff83eb70000
rdx=00007ff83f1f1af0
00007ff8`3f1f1af0  "CompareStringEx"
RetAddr               : Args to Child                                                           : Call Site
00007ff8`3f104252     : 00007ff8`3f1f1b00 00000000`00000001 00007ff8`3f1f1af0 00007ff8`3f1f1b08 : KERNELBASE!GetProcAddress
00007ff8`3f12f942     : 0000020f`f512e570 00007ff8`3f2d99e0 00007ff8`00000004 00000000`00000001 : ucrtbase!try_get_function_slow+0x42
00007ff8`3f24a6a5     : 00007ff8`3f25f9d0 00007ff8`3f104844 00007ff8`3f2d9a1c 00007ff8`3f268a6f : ucrtbase!lock_locales+0x172
00007ff8`3f24a437     : 00007ff8`00000000 00007ff8`3f25f9d0 0000020f`f512e570 00007ff8`0000000d : msvcp_win!std::locale::_Init+0x25
00007ff8`3f25db30     : 00007ff8`3f227c98 0000002a`3abdf550 0000002a`3abdf9f0 9c002400`00000001 : msvcp_win!std::basic_streambuf<unsigned short,std::char_traits<unsigned short> >::basic_streambuf<unsigned short,std::char_traits<unsigned short> >+0x87
[GBRESOLVE] func=kernelbase!GetProcAddress
rcx=00007ff83eb70000
rdx=00007ff83f1f4ed0
00007ff8`3f1f4ed0  "EnumSystemLocalesEx"
RetAddr               : Args to Child                                                           : Call Site
00007ff8`3f104252     : 00007ff8`3f1f05c0 00000000`00000002 00007ff8`3f1f4ed0 00007ff8`3f1f05c8 : KERNELBASE!GetProcAddress
00007ff8`3f12f966     : 0000020f`f512e570 00007ff8`3f2d99e0 00007ff8`00000004 00000000`00000001 : ucrtbase!try_get_function_slow+0x42
00007ff8`3f24a6a5     : 00007ff8`3f25f9d0 00007ff8`3f104844 00007ff8`3f2d9a1c 00007ff8`3f268a6f : ucrtbase!lock_locales+0x196
00007ff8`3f24a437     : 00007ff8`00000000 00007ff8`3f25f9d0 0000020f`f512e570 00007ff8`0000000d : msvcp_win!std::locale::_Init+0x25
00007ff8`3f25db30     : 00007ff8`3f227c98 0000002a`3abdf550 0000002a`3abdf9f0 9c002400`00000001 : msvcp_win!std::basic_streambuf<unsigned short,std::char_traits<unsigned short> >::basic_streambuf<unsigned short,std::char_traits<unsigned short> >+0x87
[GBRESOLVE] func=kernelbase!LoadLibraryExW
00007ff8`3f1fc9c0  "api-ms-win-core-datetime-l1-1-1"
RetAddr               : Args to Child                                                           : Call Site
00007ff8`3f166225     : 00007ff8`3f2d99f8 00007ff8`3f2d9a00 00007ff8`3f238000 00000000`00000100 : KERNELBASE!LoadLibraryExW
00007ff8`3f10423b     : 00007ff8`3f1f1a60 00000000`00000005 00007ff8`3f1f1a40 00007ff8`3f1f1a68 : ucrtbase!try_get_module+0x71
00007ff8`3f12f8b5     : 0000020f`f512e570 00007ff8`3f2d99e0 00007ff8`00000004 00000000`00000001 : ucrtbase!try_get_function_slow+0x2b
00007ff8`3f24a6a5     : 00007ff8`3f25f9d0 00007ff8`3f104844 00007ff8`3f2d9a1c 00007ff8`3f268a6f : ucrtbase!lock_locales+0xe5
00007ff8`3f24a437     : 00007ff8`00000000 00007ff8`3f25f9d0 0000020f`f512e570 00007ff8`0000000d : msvcp_win!std::locale::_Init+0x25
[GBRESOLVE] func=kernelbase!GetProcAddress
rcx=00007ff83eb70000
rdx=00007ff83f1f1a40
00007ff8`3f1f1a40  "GetDateFormatEx"
RetAddr               : Args to Child                                                           : Call Site
00007ff8`3f104252     : 00007ff8`3f1f1a60 00000000`00000005 00007ff8`3f1f1a40 00007ff8`3f1f1a68 : KERNELBASE!GetProcAddress
00007ff8`3f12f8b5     : 0000020f`f512e570 00007ff8`3f2d99e0 00007ff8`00000004 00000000`00000001 : ucrtbase!try_get_function_slow+0x42
00007ff8`3f24a6a5     : 00007ff8`3f25f9d0 00007ff8`3f104844 00007ff8`3f2d9a1c 00007ff8`3f268a6f : ucrtbase!lock_locales+0xe5
00007ff8`3f24a437     : 00007ff8`00000000 00007ff8`3f25f9d0 0000020f`f512e570 00007ff8`0000000d : msvcp_win!std::locale::_Init+0x25
00007ff8`3f25db30     : 00007ff8`3f227c98 0000002a`3abdf550 0000002a`3abdf9f0 9c002400`00000001 : msvcp_win!std::basic_streambuf<unsigned short,std::char_traits<unsigned short> >::basic_streambuf<unsigned short,std::char_traits<unsigned short> >+0x87
[GBRESOLVE] func=kernelbase!GetProcAddress
rcx=00007ff83eb70000
rdx=00007ff83f1f0608
00007ff8`3f1f0608  "GetLocaleInfoEx"
RetAddr               : Args to Child                                                           : Call Site
00007ff8`3f104252     : 00007ff8`3f1f05c0 00000000`0000000a 00007ff8`3f1f0608 00007ff8`3f1f05c8 : KERNELBASE!GetProcAddress
00007ff8`3f12f8d9     : 0000020f`f512e570 00007ff8`3f2d99e0 00007ff8`00000004 00000000`00000001 : ucrtbase!try_get_function_slow+0x42
00007ff8`3f24a6a5     : 00007ff8`3f25f9d0 00007ff8`3f104844 00007ff8`3f2d9a1c 00007ff8`3f268a6f : ucrtbase!lock_locales+0x109
00007ff8`3f24a437     : 00007ff8`00000000 00007ff8`3f25f9d0 0000020f`f512e570 00007ff8`0000000d : msvcp_win!std::locale::_Init+0x25
00007ff8`3f25db30     : 00007ff8`3f227c98 0000002a`3abdf550 0000002a`3abdf9f0 9c002400`00000001 : msvcp_win!std::basic_streambuf<unsigned short,std::char_traits<unsigned short> >::basic_streambuf<unsigned short,std::char_traits<unsigned short> >+0x87
[GBRESOLVE] func=kernelbase!GetProcAddress
rcx=00007ff83eb70000
rdx=00007ff83f1f1a50
00007ff8`3f1f1a50  "GetTimeFormatEx"
RetAddr               : Args to Child                                                           : Call Site
00007ff8`3f104252     : 00007ff8`3f1f1a60 00000000`0000000d 00007ff8`3f1f1a50 00007ff8`3f1f1a68 : KERNELBASE!GetProcAddress
00007ff8`3f12f8fd     : 0000020f`f512e570 00007ff8`3f2d99e0 00007ff8`00000004 00000000`00000001 : ucrtbase!try_get_function_slow+0x42
00007ff8`3f24a6a5     : 00007ff8`3f25f9d0 00007ff8`3f104844 00007ff8`3f2d9a1c 00007ff8`3f268a6f : ucrtbase!lock_locales+0x12d
00007ff8`3f24a437     : 00007ff8`00000000 00007ff8`3f25f9d0 0000020f`f512e570 00007ff8`0000000d : msvcp_win!std::locale::_Init+0x25
00007ff8`3f25db30     : 00007ff8`3f227c98 0000002a`3abdf550 0000002a`3abdf9f0 9c002400`00000001 : msvcp_win!std::basic_streambuf<unsigned short,std::char_traits<unsigned short> >::basic_streambuf<unsigned short,std::char_traits<unsigned short> >+0x87
[GBRESOLVE] func=kernelbase!GetProcAddress
rcx=00007ff83eb70000
rdx=00007ff83f1f1a68
00007ff8`3f1f1a68  "GetUserDefaultLocaleName"
RetAddr               : Args to Child                                                           : Call Site
00007ff8`3f104252     : 00007ff8`3f1f05c0 00000000`0000000e 00007ff8`3f1f1a68 00007ff8`3f1f05c8 : KERNELBASE!GetProcAddress
00007ff8`3f12f98a     : 0000020f`f512e570 00007ff8`3f2d99e0 00007ff8`00000004 00000000`00000001 : ucrtbase!try_get_function_slow+0x42
00007ff8`3f24a6a5     : 00007ff8`3f25f9d0 00007ff8`3f104844 00007ff8`3f2d9a1c 00007ff8`3f268a6f : ucrtbase!lock_locales+0x1ba
00007ff8`3f24a437     : 00007ff8`00000000 00007ff8`3f25f9d0 0000020f`f512e570 00007ff8`0000000d : msvcp_win!std::locale::_Init+0x25
00007ff8`3f25db30     : 00007ff8`3f227c98 0000002a`3abdf550 0000002a`3abdf9f0 9c002400`00000001 : msvcp_win!std::basic_streambuf<unsigned short,std::char_traits<unsigned short> >::basic_streambuf<unsigned short,std::char_traits<unsigned short> >+0x87
[GBRESOLVE] func=kernelbase!GetProcAddress
rcx=00007ff83eb70000
rdx=00007ff83f1f1a88
00007ff8`3f1f1a88  "IsValidLocaleName"
RetAddr               : Args to Child                                                           : Call Site
00007ff8`3f104252     : 00007ff8`3f1f05c0 00000000`00000011 00007ff8`3f1f1a88 00007ff8`3f1f05c8 : KERNELBASE!GetProcAddress
00007ff8`3f12f9ae     : 0000020f`f512e570 00007ff8`3f2d99e0 00007ff8`00000004 00000000`00000001 : ucrtbase!try_get_function_slow+0x42
00007ff8`3f24a6a5     : 00007ff8`3f25f9d0 00007ff8`3f104844 00007ff8`3f2d9a1c 00007ff8`3f268a6f : ucrtbase!lock_locales+0x1de
00007ff8`3f24a437     : 00007ff8`00000000 00007ff8`3f25f9d0 0000020f`f512e570 00007ff8`0000000d : msvcp_win!std::locale::_Init+0x25
00007ff8`3f25db30     : 00007ff8`3f227c98 0000002a`3abdf550 0000002a`3abdf9f0 9c002400`00000001 : msvcp_win!std::basic_streambuf<unsigned short,std::char_traits<unsigned short> >::basic_streambuf<unsigned short,std::char_traits<unsigned short> >+0x87
[GBRESOLVE] func=kernelbase!LoadLibraryExW
00007ff8`3f1fcb40  "api-ms-win-core-localization-obs"
00007ff8`3f1fcb80  "olete-l1-2-0"
RetAddr               : Args to Child                                                           : Call Site
00007ff8`3f166225     : 00007ff8`3f2d99f8 00007ff8`3f2d9a00 00007ff8`3f238000 00000000`00000100 : KERNELBASE!LoadLibraryExW
00007ff8`3f10423b     : 00007ff8`3f1f1aa0 00000000`00000013 00007ff8`3f1f1aa8 00007ff8`3f1f1aa8 : ucrtbase!try_get_module+0x71
00007ff8`3f12f9f6     : 0000020f`f512e570 00007ff8`3f2d99e0 00007ff8`00000004 00000000`00000001 : ucrtbase!try_get_function_slow+0x2b
00007ff8`3f24a6a5     : 00007ff8`3f25f9d0 00007ff8`3f104844 00007ff8`3f2d9a1c 00007ff8`3f268a6f : ucrtbase!lock_locales+0x226
00007ff8`3f24a437     : 00007ff8`00000000 00007ff8`3f25f9d0 0000020f`f512e570 00007ff8`0000000d : msvcp_win!std::locale::_Init+0x25
[GBRESOLVE] func=kernelbase!GetProcAddress
rcx=00007ff83eb70000
rdx=00007ff83f1f1aa8
00007ff8`3f1f1aa8  "LCIDToLocaleName"
RetAddr               : Args to Child                                                           : Call Site
00007ff8`3f104252     : 00007ff8`3f1f1aa0 00000000`00000013 00007ff8`3f1f1aa8 00007ff8`3f1f1aa8 : KERNELBASE!GetProcAddress
00007ff8`3f12f9f6     : 0000020f`f512e570 00007ff8`3f2d99e0 00007ff8`00000004 00000000`00000001 : ucrtbase!try_get_function_slow+0x42
00007ff8`3f24a6a5     : 00007ff8`3f25f9d0 00007ff8`3f104844 00007ff8`3f2d9a1c 00007ff8`3f268a6f : ucrtbase!lock_locales+0x226
00007ff8`3f24a437     : 00007ff8`00000000 00007ff8`3f25f9d0 0000020f`f512e570 00007ff8`0000000d : msvcp_win!std::locale::_Init+0x25
00007ff8`3f25db30     : 00007ff8`3f227c98 0000002a`3abdf550 0000002a`3abdf9f0 9c002400`00000001 : msvcp_win!std::basic_streambuf<unsigned short,std::char_traits<unsigned short> >::basic_streambuf<unsigned short,std::char_traits<unsigned short> >+0x87
[GBRESOLVE] func=kernelbase!GetProcAddress
rcx=00007ff83eb70000
rdx=00007ff83f1f1ac0
00007ff8`3f1f1ac0  "LocaleNameToLCID"
RetAddr               : Args to Child                                                           : Call Site
00007ff8`3f104252     : 00007ff8`3f1f05c0 00000000`00000014 00007ff8`3f1f1ac0 00007ff8`3f1f05c8 : KERNELBASE!GetProcAddress
00007ff8`3f12fa1a     : 0000020f`f512e570 00007ff8`3f2d99e0 00007ff8`00000004 00000000`00000001 : ucrtbase!try_get_function_slow+0x42
00007ff8`3f24a6a5     : 00007ff8`3f25f9d0 00007ff8`3f104844 00007ff8`3f2d9a1c 00007ff8`3f268a6f : ucrtbase!lock_locales+0x24a
00007ff8`3f24a437     : 00007ff8`00000000 00007ff8`3f25f9d0 0000020f`f512e570 00007ff8`0000000d : msvcp_win!std::locale::_Init+0x25
00007ff8`3f25db30     : 00007ff8`3f227c98 0000002a`3abdf550 0000002a`3abdf9f0 9c002400`00000001 : msvcp_win!std::basic_streambuf<unsigned short,std::char_traits<unsigned short> >::basic_streambuf<unsigned short,std::char_traits<unsigned short> >+0x87
[GBRESOLVE] func=kernelbase!LoadLibraryExW
0000002a`3abde8b0  "C:\WINDOWS\system32\IMM32.DLL"
RetAddr               : Args to Child                                                           : Call Site
00007ff8`41305b5c     : 00000000`00000000 00000000`00000000 00000000`00000080 00000000`00000001 : KERNELBASE!LoadLibraryExW
00007ff8`4133e8d7     : 00007ff8`413a02b0 0000002a`3abdebe0 00007ff8`c0000001 00007ff8`41380338 : USER32!_InitializeImmEntryTable+0x99c
00007ff8`41ba0cee     : 00000000`7ffe0385 00000000`00000000 00000000`7ffe0385 00000000`00000000 : USER32!UserClientDllInitialize+0x393
00007ff8`41ab29fe     : 00000000`00000000 00000000`00000000 00000000`00000000 00000000`00000000 : ntdll!LdrpCallInitRoutineInternal+0x22
00007ff8`41ab196c     : 0000020f`f510efb0 00007ff8`412d0000 0000020f`00000001 00000000`00000000 : ntdll!LdrpCallInitRoutine+0x10e
ModLoad: 00007ff8`403c0000 00007ff8`403ef000   C:\WINDOWS\System32\IMM32.DLL
[GBRESOLVE] func=kernelbase!GetProcAddress
rcx=00007ff8403c0000
rdx=00007ff84137fdb0
00007ff8`4137fdb0  "ImmWINNLSEnableIME"
RetAddr               : Args to Child                                                           : Call Site
00007ff8`41305233     : 00007ff8`403c0000 00007ff8`41327010 00007ff8`412f7fc0 00007ff8`412dcae0 : KERNELBASE!GetProcAddress
00007ff8`41305115     : 00000000`00000000 00000000`00000000 00000000`00000000 00000000`00000000 : USER32!_InitializeImmEntryTable+0x73
00007ff8`403c8374     : 00000000`19650412 00000000`00000000 0000002a`3abde138 0000002a`3abde1a0 : USER32!User32InitializeImmEntryTable+0x55
00007ff8`41ba0cee     : 00000000`7ffe0385 00000000`00000000 00000000`00000000 00000000`00000000 : IMM32!ImmDllInitialize+0xa4
00007ff8`41ab29fe     : 00000000`00000000 00000000`00000000 00000000`00000000 00000000`00000000 : ntdll!LdrpCallInitRoutineInternal+0x22
[GBRESOLVE] func=kernelbase!GetProcAddress
rcx=00007ff8403c0000
rdx=00007ff84137fd90
00007ff8`4137fd90  "ImmWINNLSGetEnableStatus"
RetAddr               : Args to Child                                                           : Call Site
00007ff8`41305259     : 0000002a`3abde580 00007ff8`403d7170 00007ff8`412f7fc0 00007ff8`412dcae0 : KERNELBASE!GetProcAddress
00007ff8`41305115     : 00000000`00000000 00000000`00000000 00000000`00000000 00000000`00000000 : USER32!_InitializeImmEntryTable+0x99
00007ff8`403c8374     : 00000000`19650412 00000000`00000000 0000002a`3abde138 0000002a`3abde1a0 : USER32!User32InitializeImmEntryTable+0x55
00007ff8`41ba0cee     : 00000000`7ffe0385 00000000`00000000 00000000`00000000 00000000`00000000 : IMM32!ImmDllInitialize+0xa4
00007ff8`41ab29fe     : 00000000`00000000 00000000`00000000 00000000`00000000 00000000`00000000 : ntdll!LdrpCallInitRoutineInternal+0x22
[GBRESOLVE] func=kernelbase!GetProcAddress
rcx=00007ff8403c0000
rdx=00007ff84137fdc8
00007ff8`4137fdc8  "ImmSendIMEMessageExW"
RetAddr               : Args to Child                                                           : Call Site
00007ff8`4130527f     : 0000002a`3abde580 00007ff8`403d71c0 00007ff8`412f7fc0 00007ff8`412dcae0 : KERNELBASE!GetProcAddress
00007ff8`41305115     : 00000000`00000000 00000000`00000000 00000000`00000000 00000000`00000000 : USER32!_InitializeImmEntryTable+0xbf
00007ff8`403c8374     : 00000000`19650412 00000000`00000000 0000002a`3abde138 0000002a`3abde1a0 : USER32!User32InitializeImmEntryTable+0x55
00007ff8`41ba0cee     : 00000000`7ffe0385 00000000`00000000 00000000`00000000 00000000`00000000 : IMM32!ImmDllInitialize+0xa4
00007ff8`41ab29fe     : 00000000`00000000 00000000`00000000 00000000`00000000 00000000`00000000 : ntdll!LdrpCallInitRoutineInternal+0x22
[GBRESOLVE] func=kernelbase!GetProcAddress
rcx=00007ff8403c0000
rdx=00007ff84137fe40
00007ff8`4137fe40  "ImmSendIMEMessageExA"
RetAddr               : Args to Child                                                           : Call Site
00007ff8`413052a5     : 0000002a`3abde580 00007ff8`403d7160 00007ff8`412f7fc0 00007ff8`412dcae0 : KERNELBASE!GetProcAddress
00007ff8`41305115     : 00000000`00000000 00000000`00000000 00000000`00000000 00000000`00000000 : USER32!_InitializeImmEntryTable+0xe5
00007ff8`403c8374     : 00000000`19650412 00000000`00000000 0000002a`3abde138 0000002a`3abde1a0 : USER32!User32InitializeImmEntryTable+0x55
00007ff8`41ba0cee     : 00000000`7ffe0385 00000000`00000000 00000000`00000000 00000000`00000000 : IMM32!ImmDllInitialize+0xa4
00007ff8`41ab29fe     : 00000000`00000000 00000000`00000000 00000000`00000000 00000000`00000000 : ntdll!LdrpCallInitRoutineInternal+0x22
[GBRESOLVE] func=kernelbase!GetProcAddress
rcx=00007ff8403c0000
rdx=00007ff84137ffc0
00007ff8`4137ffc0  "ImmIMPGetIMEW"
RetAddr               : Args to Child                                                           : Call Site
00007ff8`413052cb     : 0000002a`3abde580 00007ff8`403d7140 00007ff8`412f7fc0 00007ff8`412dcae0 : KERNELBASE!GetProcAddress
00007ff8`41305115     : 00000000`00000000 00000000`00000000 00000000`00000000 00000000`00000000 : USER32!_InitializeImmEntryTable+0x10b
00007ff8`403c8374     : 00000000`19650412 00000000`00000000 0000002a`3abde138 0000002a`3abde1a0 : USER32!User32InitializeImmEntryTable+0x55
00007ff8`41ba0cee     : 00000000`7ffe0385 00000000`00000000 00000000`00000000 00000000`00000000 : IMM32!ImmDllInitialize+0xa4
00007ff8`41ab29fe     : 00000000`00000000 00000000`00000000 00000000`00000000 00000000`00000000 : ntdll!LdrpCallInitRoutineInternal+0x22
[GBRESOLVE] func=kernelbase!GetProcAddress
rcx=00007ff8403c0000
rdx=00007ff84137ff50
00007ff8`4137ff50  "ImmIMPGetIMEA"
RetAddr               : Args to Child                                                           : Call Site
00007ff8`413052f1     : 0000002a`3abde580 00007ff8`403d6c60 00007ff8`412f7fc0 00007ff8`412dcae0 : KERNELBASE!GetProcAddress
00007ff8`41305115     : 00000000`00000000 00000000`00000000 00000000`00000000 00000000`00000000 : USER32!_InitializeImmEntryTable+0x131
00007ff8`403c8374     : 00000000`19650412 00000000`00000000 0000002a`3abde138 0000002a`3abde1a0 : USER32!User32InitializeImmEntryTable+0x55
00007ff8`41ba0cee     : 00000000`7ffe0385 00000000`00000000 00000000`00000000 00000000`00000000 : IMM32!ImmDllInitialize+0xa4
00007ff8`41ab29fe     : 00000000`00000000 00000000`00000000 00000000`00000000 00000000`00000000 : ntdll!LdrpCallInitRoutineInternal+0x22
[GBRESOLVE] func=kernelbase!GetProcAddress
rcx=00007ff8403c0000
rdx=00007ff84137fe08
00007ff8`4137fe08  "ImmIMPQueryIMEW"
RetAddr               : Args to Child                                                           : Call Site
00007ff8`41305317     : 0000002a`3abde580 00007ff8`403d6bc0 00007ff8`412f7fc0 00007ff8`412dcae0 : KERNELBASE!GetProcAddress
00007ff8`41305115     : 00000000`00000000 00000000`00000000 00000000`00000000 00000000`00000000 : USER32!_InitializeImmEntryTable+0x157
00007ff8`403c8374     : 00000000`19650412 00000000`00000000 0000002a`3abde138 0000002a`3abde1a0 : USER32!User32InitializeImmEntryTable+0x55
00007ff8`41ba0cee     : 00000000`7ffe0385 00000000`00000000 00000000`00000000 00000000`00000000 : IMM32!ImmDllInitialize+0xa4
00007ff8`41ab29fe     : 00000000`00000000 00000000`00000000 00000000`00000000 00000000`00000000 : ntdll!LdrpCallInitRoutineInternal+0x22
[GBRESOLVE] func=kernelbase!GetProcAddress
rcx=00007ff8403c0000
rdx=00007ff84137fe30
00007ff8`4137fe30  "ImmIMPQueryIMEA"
RetAddr               : Args to Child                                                           : Call Site
00007ff8`4130533d     : 0000002a`3abde580 00007ff8`403d6d80 00007ff8`412f7fc0 00007ff8`412dcae0 : KERNELBASE!GetProcAddress
00007ff8`41305115     : 00000000`00000000 00000000`00000000 00000000`00000000 00000000`00000000 : USER32!_InitializeImmEntryTable+0x17d
00007ff8`403c8374     : 00000000`19650412 00000000`00000000 0000002a`3abde138 0000002a`3abde1a0 : USER32!User32InitializeImmEntryTable+0x55
00007ff8`41ba0cee     : 00000000`7ffe0385 00000000`00000000 00000000`00000000 00000000`00000000 : IMM32!ImmDllInitialize+0xa4
00007ff8`41ab29fe     : 00000000`00000000 00000000`00000000 00000000`00000000 00000000`00000000 : ntdll!LdrpCallInitRoutineInternal+0x22
[GBRESOLVE] func=kernelbase!GetProcAddress
rcx=00007ff8403c0000
rdx=00007ff84137fed8
00007ff8`4137fed8  "ImmIMPSetIMEW"
RetAddr               : Args to Child                                                           : Call Site
00007ff8`41305363     : 0000002a`3abde580 00007ff8`403d6cb0 00007ff8`412f7fc0 00007ff8`412dcae0 : KERNELBASE!GetProcAddress
00007ff8`41305115     : 00000000`00000000 00000000`00000000 00000000`00000000 00000000`00000000 : USER32!_InitializeImmEntryTable+0x1a3
00007ff8`403c8374     : 00000000`19650412 00000000`00000000 0000002a`3abde138 0000002a`3abde1a0 : USER32!User32InitializeImmEntryTable+0x55
00007ff8`41ba0cee     : 00000000`7ffe0385 00000000`00000000 00000000`00000000 00000000`00000000 : IMM32!ImmDllInitialize+0xa4
00007ff8`41ab29fe     : 00000000`00000000 00000000`00000000 00000000`00000000 00000000`00000000 : ntdll!LdrpCallInitRoutineInternal+0x22
[GBRESOLVE] func=kernelbase!GetProcAddress
rcx=00007ff8403c0000
rdx=00007ff84137ff78
00007ff8`4137ff78  "ImmIMPSetIMEA"
RetAddr               : Args to Child                                                           : Call Site
00007ff8`41305389     : 0000002a`3abde580 00007ff8`403d6fa0 00007ff8`412f7fc0 00007ff8`412dcae0 : KERNELBASE!GetProcAddress
00007ff8`41305115     : 00000000`00000000 00000000`00000000 00000000`00000000 00000000`00000000 : USER32!_InitializeImmEntryTable+0x1c9
00007ff8`403c8374     : 00000000`19650412 00000000`00000000 0000002a`3abde138 0000002a`3abde1a0 : USER32!User32InitializeImmEntryTable+0x55
00007ff8`41ba0cee     : 00000000`7ffe0385 00000000`00000000 00000000`00000000 00000000`00000000 : IMM32!ImmDllInitialize+0xa4
00007ff8`41ab29fe     : 00000000`00000000 00000000`00000000 00000000`00000000 00000000`00000000 : ntdll!LdrpCallInitRoutineInternal+0x22
[GBRESOLVE] func=kernelbase!GetProcAddress
rcx=00007ff8403c0000
rdx=00007ff84137fe58
00007ff8`4137fe58  "ImmAssociateContext"
RetAddr               : Args to Child                                                           : Call Site
00007ff8`413053af     : 0000002a`3abde580 00007ff8`403d6ed0 00007ff8`412f7fc0 00007ff8`412dcae0 : KERNELBASE!GetProcAddress
00007ff8`41305115     : 00000000`00000000 00000000`00000000 00000000`00000000 00000000`00000000 : USER32!_InitializeImmEntryTable+0x1ef
00007ff8`403c8374     : 00000000`19650412 00000000`00000000 0000002a`3abde138 0000002a`3abde1a0 : USER32!User32InitializeImmEntryTable+0x55
00007ff8`41ba0cee     : 00000000`7ffe0385 00000000`00000000 00000000`00000000 00000000`00000000 : IMM32!ImmDllInitialize+0xa4
00007ff8`41ab29fe     : 00000000`00000000 00000000`00000000 00000000`00000000 00000000`00000000 : ntdll!LdrpCallInitRoutineInternal+0x22
[GBRESOLVE] func=kernelbase!GetProcAddress
rcx=00007ff8403c0000
rdx=00007ff84137ff40
00007ff8`4137ff40  "ImmEscapeA"
RetAddr               : Args to Child                                                           : Call Site
00007ff8`413053d5     : 0000002a`3abde580 00007ff8`403c99f0 00007ff8`412f7fc0 00007ff8`412dcae0 : KERNELBASE!GetProcAddress
00007ff8`41305115     : 00000000`00000000 00000000`00000000 00000000`00000000 00000000`00000000 : USER32!_InitializeImmEntryTable+0x215
00007ff8`403c8374     : 00000000`19650412 00000000`00000000 0000002a`3abde138 0000002a`3abde1a0 : USER32!User32InitializeImmEntryTable+0x55
00007ff8`41ba0cee     : 00000000`7ffe0385 00000000`00000000 00000000`00000000 00000000`00000000 : IMM32!ImmDllInitialize+0xa4
00007ff8`41ab29fe     : 00000000`00000000 00000000`00000000 00000000`00000000 00000000`00000000 : ntdll!LdrpCallInitRoutineInternal+0x22
[GBRESOLVE] func=kernelbase!GetProcAddress
rcx=00007ff8403c0000
rdx=00007ff84137fde0
00007ff8`4137fde0  "ImmEscapeW"
RetAddr               : Args to Child                                                           : Call Site
00007ff8`413053fb     : 0000002a`3abde580 00007ff8`403cf2b0 00007ff8`412f7fc0 00007ff8`412dcae0 : KERNELBASE!GetProcAddress
00007ff8`41305115     : 00000000`00000000 00000000`00000000 00000000`00000000 00000000`00000000 : USER32!_InitializeImmEntryTable+0x23b
00007ff8`403c8374     : 00000000`19650412 00000000`00000000 0000002a`3abde138 0000002a`3abde1a0 : USER32!User32InitializeImmEntryTable+0x55
00007ff8`41ba0cee     : 00000000`7ffe0385 00000000`00000000 00000000`00000000 00000000`00000000 : IMM32!ImmDllInitialize+0xa4
00007ff8`41ab29fe     : 00000000`00000000 00000000`00000000 00000000`00000000 00000000`00000000 : ntdll!LdrpCallInitRoutineInternal+0x22
[GBRESOLVE] func=kernelbase!GetProcAddress
rcx=00007ff8403c0000
rdx=00007ff84137feb8
00007ff8`4137feb8  "ImmGetCompositionStringA"
RetAddr               : Args to Child                                                           : Call Site
00007ff8`41305421     : 0000002a`3abde580 00007ff8`403cf5b0 00007ff8`412f7fc0 00007ff8`412dcae0 : KERNELBASE!GetProcAddress
00007ff8`41305115     : 00000000`00000000 00000000`00000000 00000000`00000000 00000000`00000000 : USER32!_InitializeImmEntryTable+0x261
00007ff8`403c8374     : 00000000`19650412 00000000`00000000 0000002a`3abde138 0000002a`3abde1a0 : USER32!User32InitializeImmEntryTable+0x55
00007ff8`41ba0cee     : 00000000`7ffe0385 00000000`00000000 00000000`00000000 00000000`00000000 : IMM32!ImmDllInitialize+0xa4
00007ff8`41ab29fe     : 00000000`00000000 00000000`00000000 00000000`00000000 00000000`00000000 : ntdll!LdrpCallInitRoutineInternal+0x22
[GBRESOLVE] func=kernelbase!GetProcAddress
rcx=00007ff8403c0000
rdx=00007ff84137ffd0
00007ff8`4137ffd0  "ImmGetCompositionStringW"
RetAddr               : Args to Child                                                           : Call Site
00007ff8`41305447     : 0000002a`3abde580 00007ff8`403cb120 00007ff8`412f7fc0 00007ff8`412dcae0 : KERNELBASE!GetProcAddress
00007ff8`41305115     : 00000000`00000000 00000000`00000000 00000000`00000000 00000000`00000000 : USER32!_InitializeImmEntryTable+0x287
00007ff8`403c8374     : 00000000`19650412 00000000`00000000 0000002a`3abde138 0000002a`3abde1a0 : USER32!User32InitializeImmEntryTable+0x55
00007ff8`41ba0cee     : 00000000`7ffe0385 00000000`00000000 00000000`00000000 00000000`00000000 : IMM32!ImmDllInitialize+0xa4
00007ff8`41ab29fe     : 00000000`00000000 00000000`00000000 00000000`00000000 00000000`00000000 : ntdll!LdrpCallInitRoutineInternal+0x22
[GBRESOLVE] func=kernelbase!GetProcAddress
rcx=00007ff8403c0000
rdx=00007ff84137fee8
00007ff8`4137fee8  "ImmGetCompositionWindow"
RetAddr               : Args to Child                                                           : Call Site
00007ff8`4130546d     : 0000002a`3abde580 00007ff8`403c5590 00007ff8`412f7fc0 00007ff8`412dcae0 : KERNELBASE!GetProcAddress
00007ff8`41305115     : 00000000`00000000 00000000`00000000 00000000`00000000 00000000`00000000 : USER32!_InitializeImmEntryTable+0x2ad
00007ff8`403c8374     : 00000000`19650412 00000000`00000000 0000002a`3abde138 0000002a`3abde1a0 : USER32!User32InitializeImmEntryTable+0x55
00007ff8`41ba0cee     : 00000000`7ffe0385 00000000`00000000 00000000`00000000 00000000`00000000 : IMM32!ImmDllInitialize+0xa4
00007ff8`41ab29fe     : 00000000`00000000 00000000`00000000 00000000`00000000 00000000`00000000 : ntdll!LdrpCallInitRoutineInternal+0x22
[GBRESOLVE] func=kernelbase!GetProcAddress
rcx=00007ff8403c0000
rdx=00007ff84137fe70
00007ff8`4137fe70  "ImmGetContext"
RetAddr               : Args to Child                                                           : Call Site
00007ff8`41305493     : 0000002a`3abde580 00007ff8`403c2d60 00007ff8`412f7fc0 00007ff8`412dcae0 : KERNELBASE!GetProcAddress
00007ff8`41305115     : 00000000`00000000 00000000`00000000 00000000`00000000 00000000`00000000 : USER32!_InitializeImmEntryTable+0x2d3
00007ff8`403c8374     : 00000000`19650412 00000000`00000000 0000002a`3abde138 0000002a`3abde1a0 : USER32!User32InitializeImmEntryTable+0x55
00007ff8`41ba0cee     : 00000000`7ffe0385 00000000`00000000 00000000`00000000 00000000`00000000 : IMM32!ImmDllInitialize+0xa4
00007ff8`41ab29fe     : 00000000`00000000 00000000`00000000 00000000`00000000 00000000`00000000 : ntdll!LdrpCallInitRoutineInternal+0x22
[GBRESOLVE] func=kernelbase!GetProcAddress
rcx=00007ff8403c0000
rdx=00007ff84137fe80
00007ff8`4137fe80  "ImmGetDefaultIMEWnd"
RetAddr               : Args to Child                                                           : Call Site
00007ff8`413054b9     : 0000002a`3abde580 00007ff8`403c4450 00007ff8`412f7fc0 00007ff8`412dcae0 : KERNELBASE!GetProcAddress
00007ff8`41305115     : 00000000`00000000 00000000`00000000 00000000`00000000 00000000`00000000 : USER32!_InitializeImmEntryTable+0x2f9
00007ff8`403c8374     : 00000000`19650412 00000000`00000000 0000002a`3abde138 0000002a`3abde1a0 : USER32!User32InitializeImmEntryTable+0x55
00007ff8`41ba0cee     : 00000000`7ffe0385 00000000`00000000 00000000`00000000 00000000`00000000 : IMM32!ImmDllInitialize+0xa4
00007ff8`41ab29fe     : 00000000`00000000 00000000`00000000 00000000`00000000 00000000`00000000 : ntdll!LdrpCallInitRoutineInternal+0x22
[GBRESOLVE] func=kernelbase!GetProcAddress
rcx=00007ff8403c0000
rdx=00007ff84137fe98
00007ff8`4137fe98  "ImmIsIME"
RetAddr               : Args to Child                                                           : Call Site
00007ff8`413054df     : 0000002a`3abde580 00007ff8`403c9c50 00007ff8`412f7fc0 00007ff8`412dcae0 : KERNELBASE!GetProcAddress
00007ff8`41305115     : 00000000`00000000 00000000`00000000 00000000`00000000 00000000`00000000 : USER32!_InitializeImmEntryTable+0x31f
00007ff8`403c8374     : 00000000`19650412 00000000`00000000 0000002a`3abde138 0000002a`3abde1a0 : USER32!User32InitializeImmEntryTable+0x55
00007ff8`41ba0cee     : 00000000`7ffe0385 00000000`00000000 00000000`00000000 00000000`00000000 : IMM32!ImmDllInitialize+0xa4
00007ff8`41ab29fe     : 00000000`00000000 00000000`00000000 00000000`00000000 00000000`00000000 : ntdll!LdrpCallInitRoutineInternal+0x22
[GBRESOLVE] func=kernelbase!GetProcAddress
rcx=00007ff8403c0000
rdx=00007ff84137ff60
00007ff8`4137ff60  "ImmReleaseContext"
RetAddr               : Args to Child                                                           : Call Site
00007ff8`41305505     : 0000002a`3abde580 00007ff8`403c97a0 00007ff8`412f7fc0 00007ff8`412dcae0 : KERNELBASE!GetProcAddress
00007ff8`41305115     : 00000000`00000000 00000000`00000000 00000000`00000000 00000000`00000000 : USER32!_InitializeImmEntryTable+0x345
00007ff8`403c8374     : 00000000`19650412 00000000`00000000 0000002a`3abde138 0000002a`3abde1a0 : USER32!User32InitializeImmEntryTable+0x55
00007ff8`41ba0cee     : 00000000`7ffe0385 00000000`00000000 00000000`00000000 00000000`00000000 : IMM32!ImmDllInitialize+0xa4
00007ff8`41ab29fe     : 00000000`00000000 00000000`00000000 00000000`00000000 00000000`00000000 : ntdll!LdrpCallInitRoutineInternal+0x22
[GBRESOLVE] func=kernelbase!GetProcAddress
rcx=00007ff8403c0000
rdx=00007ff84137ff10
00007ff8`4137ff10  "ImmRegisterClient"
RetAddr               : Args to Child                                                           : Call Site
00007ff8`4130552b     : 0000002a`3abde580 00007ff8`403c9780 00007ff8`412f7fc0 00007ff8`412dcae0 : KERNELBASE!GetProcAddress
00007ff8`41305115     : 00000000`00000000 00000000`00000000 00000000`00000000 00000000`00000000 : USER32!_InitializeImmEntryTable+0x36b
00007ff8`403c8374     : 00000000`19650412 00000000`00000000 0000002a`3abde138 0000002a`3abde1a0 : USER32!User32InitializeImmEntryTable+0x55
00007ff8`41ba0cee     : 00000000`7ffe0385 00000000`00000000 00000000`00000000 00000000`00000000 : IMM32!ImmDllInitialize+0xa4
00007ff8`41ab29fe     : 00000000`00000000 00000000`00000000 00000000`00000000 00000000`00000000 : ntdll!LdrpCallInitRoutineInternal+0x22
[GBRESOLVE] func=kernelbase!GetProcAddress
rcx=00007ff8403c0000
rdx=00007ff84137ff28
00007ff8`4137ff28  "ImmGetCompositionFontW"
RetAddr               : Args to Child                                                           : Call Site
00007ff8`41305551     : 0000002a`3abde580 00007ff8`403c8fd0 00007ff8`412f7fc0 00007ff8`412dcae0 : KERNELBASE!GetProcAddress
00007ff8`41305115     : 00000000`00000000 00000000`00000000 00000000`00000000 00000000`00000000 : USER32!_InitializeImmEntryTable+0x391
00007ff8`403c8374     : 00000000`19650412 00000000`00000000 0000002a`3abde138 0000002a`3abde1a0 : USER32!User32InitializeImmEntryTable+0x55
00007ff8`41ba0cee     : 00000000`7ffe0385 00000000`00000000 00000000`00000000 00000000`00000000 : IMM32!ImmDllInitialize+0xa4
00007ff8`41ab29fe     : 00000000`00000000 00000000`00000000 00000000`00000000 00000000`00000000 : ntdll!LdrpCallInitRoutineInternal+0x22
[GBRESOLVE] func=kernelbase!GetProcAddress
rcx=00007ff8403c0000
rdx=00007ff84137fff0
00007ff8`4137fff0  "ImmGetCompositionFontA"
RetAddr               : Args to Child                                                           : Call Site
00007ff8`41305577     : 0000002a`3abde580 00007ff8`403c2f80 00007ff8`412f7fc0 00007ff8`412dcae0 : KERNELBASE!GetProcAddress
00007ff8`41305115     : 00000000`00000000 00000000`00000000 00000000`00000000 00000000`00000000 : USER32!_InitializeImmEntryTable+0x3b7
00007ff8`403c8374     : 00000000`19650412 00000000`00000000 0000002a`3abde138 0000002a`3abde1a0 : USER32!User32InitializeImmEntryTable+0x55
00007ff8`41ba0cee     : 00000000`7ffe0385 00000000`00000000 00000000`00000000 00000000`00000000 : IMM32!ImmDllInitialize+0xa4
00007ff8`41ab29fe     : 00000000`00000000 00000000`00000000 00000000`00000000 00000000`00000000 : ntdll!LdrpCallInitRoutineInternal+0x22
[GBRESOLVE] func=kernelbase!GetProcAddress
rcx=00007ff8403c0000
rdx=00007ff84137fe18
00007ff8`4137fe18  "ImmSetCompositionFontW"
RetAddr               : Args to Child                                                           : Call Site
00007ff8`4130559d     : 0000002a`3abde580 00007ff8`403c1010 00007ff8`412f7fc0 00007ff8`412dcae0 : KERNELBASE!GetProcAddress
00007ff8`41305115     : 00000000`00000000 00000000`00000000 00000000`00000000 00000000`00000000 : USER32!_InitializeImmEntryTable+0x3dd
00007ff8`403c8374     : 00000000`19650412 00000000`00000000 0000002a`3abde138 0000002a`3abde1a0 : USER32!User32InitializeImmEntryTable+0x55
00007ff8`41ba0cee     : 00000000`7ffe0385 00000000`00000000 00000000`00000000 00000000`00000000 : IMM32!ImmDllInitialize+0xa4
00007ff8`41ab29fe     : 00000000`00000000 00000000`00000000 00000000`00000000 00000000`00000000 : ntdll!LdrpCallInitRoutineInternal+0x22
[GBRESOLVE] func=kernelbase!GetProcAddress
rcx=00007ff8403c0000
rdx=00007ff84137fdf0
00007ff8`4137fdf0  "ImmSetCompositionFontA"
RetAddr               : Args to Child                                                           : Call Site
00007ff8`413055c3     : 0000002a`3abde580 00007ff8`403c2360 00007ff8`412f7fc0 00007ff8`412dcae0 : KERNELBASE!GetProcAddress
00007ff8`41305115     : 00000000`00000000 00000000`00000000 00000000`00000000 00000000`00000000 : USER32!_InitializeImmEntryTable+0x403
00007ff8`403c8374     : 00000000`19650412 00000000`00000000 0000002a`3abde138 0000002a`3abde1a0 : USER32!User32InitializeImmEntryTable+0x55
00007ff8`41ba0cee     : 00000000`7ffe0385 00000000`00000000 00000000`00000000 00000000`00000000 : IMM32!ImmDllInitialize+0xa4
00007ff8`41ab29fe     : 00000000`00000000 00000000`00000000 00000000`00000000 00000000`00000000 : ntdll!LdrpCallInitRoutineInternal+0x22
[GBRESOLVE] func=kernelbase!GetProcAddress
rcx=00007ff8403c0000
rdx=00007ff84137ffa8
00007ff8`4137ffa8  "ImmSetCompositionWindow"
RetAddr               : Args to Child                                                           : Call Site
00007ff8`413055e9     : 0000002a`3abde580 00007ff8`403ca700 00007ff8`412f7fc0 00007ff8`412dcae0 : KERNELBASE!GetProcAddress
00007ff8`41305115     : 00000000`00000000 00000000`00000000 00000000`00000000 00000000`00000000 : USER32!_InitializeImmEntryTable+0x429
00007ff8`403c8374     : 00000000`19650412 00000000`00000000 0000002a`3abde138 0000002a`3abde1a0 : USER32!User32InitializeImmEntryTable+0x55
00007ff8`41ba0cee     : 00000000`7ffe0385 00000000`00000000 00000000`00000000 00000000`00000000 : IMM32!ImmDllInitialize+0xa4
00007ff8`41ab29fe     : 00000000`00000000 00000000`00000000 00000000`00000000 00000000`00000000 : ntdll!LdrpCallInitRoutineInternal+0x22
[GBRESOLVE] func=kernelbase!GetProcAddress
rcx=00007ff8403c0000
rdx=00007ff84137fea8
00007ff8`4137fea8  "ImmNotifyIME"
RetAddr               : Args to Child                                                           : Call Site
00007ff8`4130560f     : 0000002a`3abde580 00007ff8`403c1d30 00007ff8`412f7fc0 00007ff8`412dcae0 : KERNELBASE!GetProcAddress
00007ff8`41305115     : 00000000`00000000 00000000`00000000 00000000`00000000 00000000`00000000 : USER32!_InitializeImmEntryTable+0x44f
00007ff8`403c8374     : 00000000`19650412 00000000`00000000 0000002a`3abde138 0000002a`3abde1a0 : USER32!User32InitializeImmEntryTable+0x55
00007ff8`41ba0cee     : 00000000`7ffe0385 00000000`00000000 00000000`00000000 00000000`00000000 : IMM32!ImmDllInitialize+0xa4
00007ff8`41ab29fe     : 00000000`00000000 00000000`00000000 00000000`00000000 00000000`00000000 : ntdll!LdrpCallInitRoutineInternal+0x22
[GBRESOLVE] func=kernelbase!GetProcAddress
rcx=00007ff8403c0000
rdx=00007ff84137ff88
00007ff8`4137ff88  "ImmLockIMC"
RetAddr               : Args to Child                                                           : Call Site
00007ff8`41305635     : 0000002a`3abde580 00007ff8`403c6310 00007ff8`412f7fc0 00007ff8`412dcae0 : KERNELBASE!GetProcAddress
00007ff8`41305115     : 00000000`00000000 00000000`00000000 00000000`00000000 00000000`00000000 : USER32!_InitializeImmEntryTable+0x475
00007ff8`403c8374     : 00000000`19650412 00000000`00000000 0000002a`3abde138 0000002a`3abde1a0 : USER32!User32InitializeImmEntryTable+0x55
00007ff8`41ba0cee     : 00000000`7ffe0385 00000000`00000000 00000000`00000000 00000000`00000000 : IMM32!ImmDllInitialize+0xa4
00007ff8`41ab29fe     : 00000000`00000000 00000000`00000000 00000000`00000000 00000000`00000000 : ntdll!LdrpCallInitRoutineInternal+0x22
[GBRESOLVE] func=kernelbase!GetProcAddress
rcx=00007ff8403c0000
rdx=00007ff84137ff98
00007ff8`4137ff98  "ImmUnlockIMC"
RetAddr               : Args to Child                                                           : Call Site
00007ff8`4130565b     : 0000002a`3abde580 00007ff8`403c4a30 00007ff8`412f7fc0 00007ff8`412dcae0 : KERNELBASE!GetProcAddress
00007ff8`41305115     : 00000000`00000000 00000000`00000000 00000000`00000000 00000000`00000000 : USER32!_InitializeImmEntryTable+0x49b
00007ff8`403c8374     : 00000000`19650412 00000000`00000000 0000002a`3abde138 0000002a`3abde1a0 : USER32!User32InitializeImmEntryTable+0x55
00007ff8`41ba0cee     : 00000000`7ffe0385 00000000`00000000 00000000`00000000 00000000`00000000 : IMM32!ImmDllInitialize+0xa4
00007ff8`41ab29fe     : 00000000`00000000 00000000`00000000 00000000`00000000 00000000`00000000 : ntdll!LdrpCallInitRoutineInternal+0x22
[GBRESOLVE] func=kernelbase!GetProcAddress
rcx=00007ff8403c0000
rdx=00007ff84137ff00
00007ff8`4137ff00  "ImmLoadIME"
RetAddr               : Args to Child                                                           : Call Site
00007ff8`41305681     : 0000002a`3abde580 00007ff8`403c5310 00007ff8`412f7fc0 00007ff8`412dcae0 : KERNELBASE!GetProcAddress
00007ff8`41305115     : 00000000`00000000 00000000`00000000 00000000`00000000 00000000`00000000 : USER32!_InitializeImmEntryTable+0x4c1
00007ff8`403c8374     : 00000000`19650412 00000000`00000000 0000002a`3abde138 0000002a`3abde1a0 : USER32!User32InitializeImmEntryTable+0x55
00007ff8`41ba0cee     : 00000000`7ffe0385 00000000`00000000 00000000`00000000 00000000`00000000 : IMM32!ImmDllInitialize+0xa4
00007ff8`41ab29fe     : 00000000`00000000 00000000`00000000 00000000`00000000 00000000`00000000 : ntdll!LdrpCallInitRoutineInternal+0x22
[GBRESOLVE] func=kernelbase!GetProcAddress
rcx=00007ff8403c0000
rdx=00007ff841380008
00007ff8`41380008  "ImmSetOpenStatus"
RetAddr               : Args to Child                                                           : Call Site
00007ff8`413056a7     : 0000002a`3abde580 00007ff8`403c7420 00007ff8`412f7fc0 00007ff8`412dcae0 : KERNELBASE!GetProcAddress
00007ff8`41305115     : 00000000`00000000 00000000`00000000 00000000`00000000 00000000`00000000 : USER32!_InitializeImmEntryTable+0x4e7
00007ff8`403c8374     : 00000000`19650412 00000000`00000000 0000002a`3abde138 0000002a`3abde1a0 : USER32!User32InitializeImmEntryTable+0x55
00007ff8`41ba0cee     : 00000000`7ffe0385 00000000`00000000 00000000`00000000 00000000`00000000 : IMM32!ImmDllInitialize+0xa4
00007ff8`41ab29fe     : 00000000`00000000 00000000`00000000 00000000`00000000 00000000`00000000 : ntdll!LdrpCallInitRoutineInternal+0x22
[GBRESOLVE] func=kernelbase!GetProcAddress
rcx=00007ff8403c0000
rdx=00007ff841380020
00007ff8`41380020  "ImmFreeLayout"
RetAddr               : Args to Child                                                           : Call Site
00007ff8`413056cd     : 0000002a`3abde580 00007ff8`403c26b0 00007ff8`412f7fc0 00007ff8`412dcae0 : KERNELBASE!GetProcAddress
00007ff8`41305115     : 00000000`00000000 00000000`00000000 00000000`00000000 00000000`00000000 : USER32!_InitializeImmEntryTable+0x50d
00007ff8`403c8374     : 00000000`19650412 00000000`00000000 0000002a`3abde138 0000002a`3abde1a0 : USER32!User32InitializeImmEntryTable+0x55
00007ff8`41ba0cee     : 00000000`7ffe0385 00000000`00000000 00000000`00000000 00000000`00000000 : IMM32!ImmDllInitialize+0xa4
00007ff8`41ab29fe     : 00000000`00000000 00000000`00000000 00000000`00000000 00000000`00000000 : ntdll!LdrpCallInitRoutineInternal+0x22
[GBRESOLVE] func=kernelbase!GetProcAddress
rcx=00007ff8403c0000
rdx=00007ff841380030
00007ff8`41380030  "ImmActivateLayout"
RetAddr               : Args to Child                                                           : Call Site
00007ff8`413056f3     : 0000002a`3abde580 00007ff8`403cf840 00007ff8`412f7fc0 00007ff8`412dcae0 : KERNELBASE!GetProcAddress
00007ff8`41305115     : 00000000`00000000 00000000`00000000 00000000`00000000 00000000`00000000 : USER32!_InitializeImmEntryTable+0x533
00007ff8`403c8374     : 00000000`19650412 00000000`00000000 0000002a`3abde138 0000002a`3abde1a0 : USER32!User32InitializeImmEntryTable+0x55
00007ff8`41ba0cee     : 00000000`7ffe0385 00000000`00000000 00000000`00000000 00000000`00000000 : IMM32!ImmDllInitialize+0xa4
00007ff8`41ab29fe     : 00000000`00000000 00000000`00000000 00000000`00000000 00000000`00000000 : ntdll!LdrpCallInitRoutineInternal+0x22
[GBRESOLVE] func=kernelbase!GetProcAddress
rcx=00007ff8403c0000
rdx=00007ff841380048
00007ff8`41380048  "ImmGetCandidateWindow"
RetAddr               : Args to Child                                                           : Call Site
00007ff8`41305719     : 0000002a`3abde580 00007ff8`403c7200 00007ff8`412f7fc0 00007ff8`412dcae0 : KERNELBASE!GetProcAddress
00007ff8`41305115     : 00000000`00000000 00000000`00000000 00000000`00000000 00000000`00000000 : USER32!_InitializeImmEntryTable+0x559
00007ff8`403c8374     : 00000000`19650412 00000000`00000000 0000002a`3abde138 0000002a`3abde1a0 : USER32!User32InitializeImmEntryTable+0x55
00007ff8`41ba0cee     : 00000000`7ffe0385 00000000`00000000 00000000`00000000 00000000`00000000 : IMM32!ImmDllInitialize+0xa4
00007ff8`41ab29fe     : 00000000`00000000 00000000`00000000 00000000`00000000 00000000`00000000 : ntdll!LdrpCallInitRoutineInternal+0x22
[GBRESOLVE] func=kernelbase!GetProcAddress
rcx=00007ff8403c0000
rdx=00007ff8413800b8
00007ff8`413800b8  "ImmSetCandidateWindow"
RetAddr               : Args to Child                                                           : Call Site
00007ff8`4130573f     : 0000002a`3abde580 00007ff8`403c3e20 00007ff8`412f7fc0 00007ff8`412dcae0 : KERNELBASE!GetProcAddress
00007ff8`41305115     : 00000000`00000000 00000000`00000000 00000000`00000000 00000000`00000000 : USER32!_InitializeImmEntryTable+0x57f
00007ff8`403c8374     : 00000000`19650412 00000000`00000000 0000002a`3abde138 0000002a`3abde1a0 : USER32!User32InitializeImmEntryTable+0x55
00007ff8`41ba0cee     : 00000000`7ffe0385 00000000`00000000 00000000`00000000 00000000`00000000 : IMM32!ImmDllInitialize+0xa4
00007ff8`41ab29fe     : 00000000`00000000 00000000`00000000 00000000`00000000 00000000`00000000 : ntdll!LdrpCallInitRoutineInternal+0x22
[GBRESOLVE] func=kernelbase!GetProcAddress
rcx=00007ff8403c0000
rdx=00007ff841380060
00007ff8`41380060  "ImmConfigureIMEW"
RetAddr               : Args to Child                                                           : Call Site
00007ff8`41305765     : 0000002a`3abde580 00007ff8`403c1f50 00007ff8`412f7fc0 00007ff8`412dcae0 : KERNELBASE!GetProcAddress
00007ff8`41305115     : 00000000`00000000 00000000`00000000 00000000`00000000 00000000`00000000 : USER32!_InitializeImmEntryTable+0x5a5
00007ff8`403c8374     : 00000000`19650412 00000000`00000000 0000002a`3abde138 0000002a`3abde1a0 : USER32!User32InitializeImmEntryTable+0x55
00007ff8`41ba0cee     : 00000000`7ffe0385 00000000`00000000 00000000`00000000 00000000`00000000 : IMM32!ImmDllInitialize+0xa4
00007ff8`41ab29fe     : 00000000`00000000 00000000`00000000 00000000`00000000 00000000`00000000 : ntdll!LdrpCallInitRoutineInternal+0x22
[GBRESOLVE] func=kernelbase!GetProcAddress
rcx=00007ff8403c0000
rdx=00007ff8413800a0
00007ff8`413800a0  "ImmGetConversionStatus"
RetAddr               : Args to Child                                                           : Call Site
00007ff8`4130578b     : 0000002a`3abde580 00007ff8`403cf000 00007ff8`412f7fc0 00007ff8`412dcae0 : KERNELBASE!GetProcAddress
00007ff8`41305115     : 00000000`00000000 00000000`00000000 00000000`00000000 00000000`00000000 : USER32!_InitializeImmEntryTable+0x5cb
00007ff8`403c8374     : 00000000`19650412 00000000`00000000 0000002a`3abde138 0000002a`3abde1a0 : USER32!User32InitializeImmEntryTable+0x55
00007ff8`41ba0cee     : 00000000`7ffe0385 00000000`00000000 00000000`00000000 00000000`00000000 : IMM32!ImmDllInitialize+0xa4
00007ff8`41ab29fe     : 00000000`00000000 00000000`00000000 00000000`00000000 00000000`00000000 : ntdll!LdrpCallInitRoutineInternal+0x22
[GBRESOLVE] func=kernelbase!GetProcAddress
rcx=00007ff8403c0000
rdx=00007ff841380078
00007ff8`41380078  "ImmSetConversionStatus"
RetAddr               : Args to Child                                                           : Call Site
00007ff8`413057b1     : 0000002a`3abde580 00007ff8`403c3c20 00007ff8`412f7fc0 00007ff8`412dcae0 : KERNELBASE!GetProcAddress
00007ff8`41305115     : 00000000`00000000 00000000`00000000 00000000`00000000 00000000`00000000 : USER32!_InitializeImmEntryTable+0x5f1
00007ff8`403c8374     : 00000000`19650412 00000000`00000000 0000002a`3abde138 0000002a`3abde1a0 : USER32!User32InitializeImmEntryTable+0x55
00007ff8`41ba0cee     : 00000000`7ffe0385 00000000`00000000 00000000`00000000 00000000`00000000 : IMM32!ImmDllInitialize+0xa4
00007ff8`41ab29fe     : 00000000`00000000 00000000`00000000 00000000`00000000 00000000`00000000 : ntdll!LdrpCallInitRoutineInternal+0x22
[GBRESOLVE] func=kernelbase!GetProcAddress
rcx=00007ff8403c0000
rdx=00007ff8413800e0
00007ff8`413800e0  "ImmSetStatusWindowPos"
RetAddr               : Args to Child                                                           : Call Site
00007ff8`413057d7     : 0000002a`3abde580 00007ff8`403c2540 00007ff8`412f7fc0 00007ff8`412dcae0 : KERNELBASE!GetProcAddress
00007ff8`41305115     : 00000000`00000000 00000000`00000000 00000000`00000000 00000000`00000000 : USER32!_InitializeImmEntryTable+0x617
00007ff8`403c8374     : 00000000`19650412 00000000`00000000 0000002a`3abde138 0000002a`3abde1a0 : USER32!User32InitializeImmEntryTable+0x55
00007ff8`41ba0cee     : 00000000`7ffe0385 00000000`00000000 00000000`00000000 00000000`00000000 : IMM32!ImmDllInitialize+0xa4
00007ff8`41ab29fe     : 00000000`00000000 00000000`00000000 00000000`00000000 00000000`00000000 : ntdll!LdrpCallInitRoutineInternal+0x22
[GBRESOLVE] func=kernelbase!GetProcAddress
rcx=00007ff8403c0000
rdx=00007ff841380090
00007ff8`41380090  "ImmGetImeInfoEx"
RetAddr               : Args to Child                                                           : Call Site
00007ff8`413057fd     : 0000002a`3abde580 00007ff8`403ce510 00007ff8`412f7fc0 00007ff8`412dcae0 : KERNELBASE!GetProcAddress
00007ff8`41305115     : 00000000`00000000 00000000`00000000 00000000`00000000 00000000`00000000 : USER32!_InitializeImmEntryTable+0x63d
00007ff8`403c8374     : 00000000`19650412 00000000`00000000 0000002a`3abde138 0000002a`3abde1a0 : USER32!User32InitializeImmEntryTable+0x55
00007ff8`41ba0cee     : 00000000`7ffe0385 00000000`00000000 00000000`00000000 00000000`00000000 : IMM32!ImmDllInitialize+0xa4
00007ff8`41ab29fe     : 00000000`00000000 00000000`00000000 00000000`00000000 00000000`00000000 : ntdll!LdrpCallInitRoutineInternal+0x22
[GBRESOLVE] func=kernelbase!GetProcAddress
rcx=00007ff8403c0000
rdx=00007ff8413800d0
00007ff8`413800d0  "ImmLockImeDpi"
RetAddr               : Args to Child                                                           : Call Site
00007ff8`41305823     : 0000002a`3abde580 00007ff8`403c9d80 00007ff8`412f7fc0 00007ff8`412dcae0 : KERNELBASE!GetProcAddress
00007ff8`41305115     : 00000000`00000000 00000000`00000000 00000000`00000000 00000000`00000000 : USER32!_InitializeImmEntryTable+0x663
00007ff8`403c8374     : 00000000`19650412 00000000`00000000 0000002a`3abde138 0000002a`3abde1a0 : USER32!User32InitializeImmEntryTable+0x55
00007ff8`41ba0cee     : 00000000`7ffe0385 00000000`00000000 00000000`00000000 00000000`00000000 : IMM32!ImmDllInitialize+0xa4
00007ff8`41ab29fe     : 00000000`00000000 00000000`00000000 00000000`00000000 00000000`00000000 : ntdll!LdrpCallInitRoutineInternal+0x22
[GBRESOLVE] func=kernelbase!GetProcAddress
rcx=00007ff8403c0000
rdx=00007ff8413800f8
00007ff8`413800f8  "ImmUnlockImeDpi"
RetAddr               : Args to Child                                                           : Call Site
00007ff8`41305849     : 0000002a`3abde580 00007ff8`403c5a30 00007ff8`412f7fc0 00007ff8`412dcae0 : KERNELBASE!GetProcAddress
00007ff8`41305115     : 00000000`00000000 00000000`00000000 00000000`00000000 00000000`00000000 : USER32!_InitializeImmEntryTable+0x689
00007ff8`403c8374     : 00000000`19650412 00000000`00000000 0000002a`3abde138 0000002a`3abde1a0 : USER32!User32InitializeImmEntryTable+0x55
00007ff8`41ba0cee     : 00000000`7ffe0385 00000000`00000000 00000000`00000000 00000000`00000000 : IMM32!ImmDllInitialize+0xa4
00007ff8`41ab29fe     : 00000000`00000000 00000000`00000000 00000000`00000000 00000000`00000000 : ntdll!LdrpCallInitRoutineInternal+0x22
[GBRESOLVE] func=kernelbase!GetProcAddress
rcx=00007ff8403c0000
rdx=00007ff841380108
00007ff8`41380108  "ImmGetOpenStatus"
RetAddr               : Args to Child                                                           : Call Site
00007ff8`4130586f     : 0000002a`3abde580 00007ff8`403c5b00 00007ff8`412f7fc0 00007ff8`412dcae0 : KERNELBASE!GetProcAddress
00007ff8`41305115     : 00000000`00000000 00000000`00000000 00000000`00000000 00000000`00000000 : USER32!_InitializeImmEntryTable+0x6af
00007ff8`403c8374     : 00000000`19650412 00000000`00000000 0000002a`3abde138 0000002a`3abde1a0 : USER32!User32InitializeImmEntryTable+0x55
00007ff8`41ba0cee     : 00000000`7ffe0385 00000000`00000000 00000000`00000000 00000000`00000000 : IMM32!ImmDllInitialize+0xa4
00007ff8`41ab29fe     : 00000000`00000000 00000000`00000000 00000000`00000000 00000000`00000000 : ntdll!LdrpCallInitRoutineInternal+0x22
[GBRESOLVE] func=kernelbase!GetProcAddress
rcx=00007ff8403c0000
rdx=00007ff841380120
00007ff8`41380120  "ImmSetActiveContext"
RetAddr               : Args to Child                                                           : Call Site
00007ff8`41305895     : 0000002a`3abde580 00007ff8`403c4030 00007ff8`412f7fc0 00007ff8`412dcae0 : KERNELBASE!GetProcAddress
00007ff8`41305115     : 00000000`00000000 00000000`00000000 00000000`00000000 00000000`00000000 : USER32!_InitializeImmEntryTable+0x6d5
00007ff8`403c8374     : 00000000`19650412 00000000`00000000 0000002a`3abde138 0000002a`3abde1a0 : USER32!User32InitializeImmEntryTable+0x55
00007ff8`41ba0cee     : 00000000`7ffe0385 00000000`00000000 00000000`00000000 00000000`00000000 : IMM32!ImmDllInitialize+0xa4
00007ff8`41ab29fe     : 00000000`00000000 00000000`00000000 00000000`00000000 00000000`00000000 : ntdll!LdrpCallInitRoutineInternal+0x22
[GBRESOLVE] func=kernelbase!GetProcAddress
rcx=00007ff8403c0000
rdx=00007ff841380138
00007ff8`41380138  "ImmTranslateMessage"
RetAddr               : Args to Child                                                           : Call Site
00007ff8`413058bb     : 0000002a`3abde580 00007ff8`403c5790 00007ff8`412f7fc0 00007ff8`412dcae0 : KERNELBASE!GetProcAddress
00007ff8`41305115     : 00000000`00000000 00000000`00000000 00000000`00000000 00000000`00000000 : USER32!_InitializeImmEntryTable+0x6fb
00007ff8`403c8374     : 00000000`19650412 00000000`00000000 0000002a`3abde138 0000002a`3abde1a0 : USER32!User32InitializeImmEntryTable+0x55
00007ff8`41ba0cee     : 00000000`7ffe0385 00000000`00000000 00000000`00000000 00000000`00000000 : IMM32!ImmDllInitialize+0xa4
00007ff8`41ab29fe     : 00000000`00000000 00000000`00000000 00000000`00000000 00000000`00000000 : ntdll!LdrpCallInitRoutineInternal+0x22
[GBRESOLVE] func=kernelbase!GetProcAddress
rcx=00007ff8403c0000
rdx=00007ff841380150
00007ff8`41380150  "ImmLoadLayout"
RetAddr               : Args to Child                                                           : Call Site
00007ff8`413058e1     : 0000002a`3abde580 00007ff8`403c2020 00007ff8`412f7fc0 00007ff8`412dcae0 : KERNELBASE!GetProcAddress
00007ff8`41305115     : 00000000`00000000 00000000`00000000 00000000`00000000 00000000`00000000 : USER32!_InitializeImmEntryTable+0x721
00007ff8`403c8374     : 00000000`19650412 00000000`00000000 0000002a`3abde138 0000002a`3abde1a0 : USER32!User32InitializeImmEntryTable+0x55
00007ff8`41ba0cee     : 00000000`7ffe0385 00000000`00000000 00000000`00000000 00000000`00000000 : IMM32!ImmDllInitialize+0xa4
00007ff8`41ab29fe     : 00000000`00000000 00000000`00000000 00000000`00000000 00000000`00000000 : ntdll!LdrpCallInitRoutineInternal+0x22
[GBRESOLVE] func=kernelbase!GetProcAddress
rcx=00007ff8403c0000
rdx=00007ff841380160
00007ff8`41380160  "ImmProcessKey"
RetAddr               : Args to Child                                                           : Call Site
00007ff8`41305907     : 0000002a`3abde580 00007ff8`403cfde0 00007ff8`412f7fc0 00007ff8`412dcae0 : KERNELBASE!GetProcAddress
00007ff8`41305115     : 00000000`00000000 00000000`00000000 00000000`00000000 00000000`00000000 : USER32!_InitializeImmEntryTable+0x747
00007ff8`403c8374     : 00000000`19650412 00000000`00000000 0000002a`3abde138 0000002a`3abde1a0 : USER32!User32InitializeImmEntryTable+0x55
00007ff8`41ba0cee     : 00000000`7ffe0385 00000000`00000000 00000000`00000000 00000000`00000000 : IMM32!ImmDllInitialize+0xa4
00007ff8`41ab29fe     : 00000000`00000000 00000000`00000000 00000000`00000000 00000000`00000000 : ntdll!LdrpCallInitRoutineInternal+0x22
[GBRESOLVE] func=kernelbase!GetProcAddress
rcx=00007ff8403c0000
rdx=00007ff8413801d0
00007ff8`413801d0  "ImmPutImeMenuItemsIntoMappedFile"
00007ff8`413801f0  ""
RetAddr               : Args to Child                                                           : Call Site
00007ff8`4130592d     : 0000002a`3abde580 00007ff8`403c34b0 00007ff8`412f7fc0 00007ff8`412dcae0 : KERNELBASE!GetProcAddress
00007ff8`41305115     : 00000000`00000000 00000000`00000000 00000000`00000000 00000000`00000000 : USER32!_InitializeImmEntryTable+0x76d
00007ff8`403c8374     : 00000000`19650412 00000000`00000000 0000002a`3abde138 0000002a`3abde1a0 : USER32!User32InitializeImmEntryTable+0x55
00007ff8`41ba0cee     : 00000000`7ffe0385 00000000`00000000 00000000`00000000 00000000`00000000 : IMM32!ImmDllInitialize+0xa4
00007ff8`41ab29fe     : 00000000`00000000 00000000`00000000 00000000`00000000 00000000`00000000 : ntdll!LdrpCallInitRoutineInternal+0x22
[GBRESOLVE] func=kernelbase!GetProcAddress
rcx=00007ff8403c0000
rdx=00007ff841380190
00007ff8`41380190  "ImmGetProperty"
RetAddr               : Args to Child                                                           : Call Site
00007ff8`41305953     : 0000002a`3abde580 00007ff8`403dd0e0 00007ff8`412f7fc0 00007ff8`412dcae0 : KERNELBASE!GetProcAddress
00007ff8`41305115     : 00000000`00000000 00000000`00000000 00000000`00000000 00000000`00000000 : USER32!_InitializeImmEntryTable+0x793
00007ff8`403c8374     : 00000000`19650412 00000000`00000000 0000002a`3abde138 0000002a`3abde1a0 : USER32!User32InitializeImmEntryTable+0x55
00007ff8`41ba0cee     : 00000000`7ffe0385 00000000`00000000 00000000`00000000 00000000`00000000 : IMM32!ImmDllInitialize+0xa4
00007ff8`41ab29fe     : 00000000`00000000 00000000`00000000 00000000`00000000 00000000`00000000 : ntdll!LdrpCallInitRoutineInternal+0x22
[GBRESOLVE] func=kernelbase!GetProcAddress
rcx=00007ff8403c0000
rdx=00007ff8413801f8
00007ff8`413801f8  "ImmSetCompositionStringA"
RetAddr               : Args to Child                                                           : Call Site
00007ff8`41305979     : 0000002a`3abde580 00007ff8`403c6e00 00007ff8`412f7fc0 00007ff8`412dcae0 : KERNELBASE!GetProcAddress
00007ff8`41305115     : 00000000`00000000 00000000`00000000 00000000`00000000 00000000`00000000 : USER32!_InitializeImmEntryTable+0x7b9
00007ff8`403c8374     : 00000000`19650412 00000000`00000000 0000002a`3abde138 0000002a`3abde1a0 : USER32!User32InitializeImmEntryTable+0x55
00007ff8`41ba0cee     : 00000000`7ffe0385 00000000`00000000 00000000`00000000 00000000`00000000 : IMM32!ImmDllInitialize+0xa4
00007ff8`41ab29fe     : 00000000`00000000 00000000`00000000 00000000`00000000 00000000`00000000 : ntdll!LdrpCallInitRoutineInternal+0x22
[GBRESOLVE] func=kernelbase!GetProcAddress
rcx=00007ff8403c0000
rdx=00007ff841380170
00007ff8`41380170  "ImmSetCompositionStringW"
RetAddr               : Args to Child                                                           : Call Site
00007ff8`4130599f     : 0000002a`3abde580 00007ff8`403cded0 00007ff8`412f7fc0 00007ff8`412dcae0 : KERNELBASE!GetProcAddress
00007ff8`41305115     : 00000000`00000000 00000000`00000000 00000000`00000000 00000000`00000000 : USER32!_InitializeImmEntryTable+0x7df
00007ff8`403c8374     : 00000000`19650412 00000000`00000000 0000002a`3abde138 0000002a`3abde1a0 : USER32!User32InitializeImmEntryTable+0x55
00007ff8`41ba0cee     : 00000000`7ffe0385 00000000`00000000 00000000`00000000 00000000`00000000 : IMM32!ImmDllInitialize+0xa4
00007ff8`41ab29fe     : 00000000`00000000 00000000`00000000 00000000`00000000 00000000`00000000 : ntdll!LdrpCallInitRoutineInternal+0x22
[GBRESOLVE] func=kernelbase!GetProcAddress
rcx=00007ff8403c0000
rdx=00007ff8413801a0
00007ff8`413801a0  "ImmEnumInputContext"
RetAddr               : Args to Child                                                           : Call Site
00007ff8`413059c5     : 0000002a`3abde580 00007ff8`403cdf00 00007ff8`412f7fc0 00007ff8`412dcae0 : KERNELBASE!GetProcAddress
00007ff8`41305115     : 00000000`00000000 00000000`00000000 00000000`00000000 00000000`00000000 : USER32!_InitializeImmEntryTable+0x805
00007ff8`403c8374     : 00000000`19650412 00000000`00000000 0000002a`3abde138 0000002a`3abde1a0 : USER32!User32InitializeImmEntryTable+0x55
00007ff8`41ba0cee     : 00000000`7ffe0385 00000000`00000000 00000000`00000000 00000000`00000000 : IMM32!ImmDllInitialize+0xa4
00007ff8`41ab29fe     : 00000000`00000000 00000000`00000000 00000000`00000000 00000000`00000000 : ntdll!LdrpCallInitRoutineInternal+0x22
[GBRESOLVE] func=kernelbase!GetProcAddress
rcx=00007ff8403c0000
rdx=00007ff8413801b8
00007ff8`413801b8  "ImmSystemHandler"
RetAddr               : Args to Child                                                           : Call Site
00007ff8`413059eb     : 0000002a`3abde580 00007ff8`403c7fd0 00007ff8`412f7fc0 00007ff8`412dcae0 : KERNELBASE!GetProcAddress
00007ff8`41305115     : 00000000`00000000 00000000`00000000 00000000`00000000 00000000`00000000 : USER32!_InitializeImmEntryTable+0x82b
00007ff8`403c8374     : 00000000`19650412 00000000`00000000 0000002a`3abde138 0000002a`3abde1a0 : USER32!User32InitializeImmEntryTable+0x55
00007ff8`41ba0cee     : 00000000`7ffe0385 00000000`00000000 00000000`00000000 00000000`00000000 : IMM32!ImmDllInitialize+0xa4
00007ff8`41ab29fe     : 00000000`00000000 00000000`00000000 00000000`00000000 00000000`00000000 : ntdll!LdrpCallInitRoutineInternal+0x22
[GBRESOLVE] func=kernelbase!GetProcAddress
rcx=00007ff8403c0000
rdx=00007ff841380218
00007ff8`41380218  "CtfImmTIMActivate"
RetAddr               : Args to Child                                                           : Call Site
00007ff8`41305a11     : 0000002a`3abde580 00007ff8`403c8b60 00007ff8`412f7fc0 00007ff8`412dcae0 : KERNELBASE!GetProcAddress
00007ff8`41305115     : 00000000`00000000 00000000`00000000 00000000`00000000 00000000`00000000 : USER32!_InitializeImmEntryTable+0x851
00007ff8`403c8374     : 00000000`19650412 00000000`00000000 0000002a`3abde138 0000002a`3abde1a0 : USER32!User32InitializeImmEntryTable+0x55
00007ff8`41ba0cee     : 00000000`7ffe0385 00000000`00000000 00000000`00000000 00000000`00000000 : IMM32!ImmDllInitialize+0xa4
00007ff8`41ab29fe     : 00000000`00000000 00000000`00000000 00000000`00000000 00000000`00000000 : ntdll!LdrpCallInitRoutineInternal+0x22
[GBRESOLVE] func=kernelbase!GetProcAddress
rcx=00007ff8403c0000
rdx=00007ff841380230
00007ff8`41380230  "CtfImmRestoreToolbarWnd"
RetAddr               : Args to Child                                                           : Call Site
00007ff8`41305a37     : 0000002a`3abde580 00007ff8`403c5e20 00007ff8`412f7fc0 00007ff8`412dcae0 : KERNELBASE!GetProcAddress
00007ff8`41305115     : 00000000`00000000 00000000`00000000 00000000`00000000 00000000`00000000 : USER32!_InitializeImmEntryTable+0x877
00007ff8`403c8374     : 00000000`19650412 00000000`00000000 0000002a`3abde138 0000002a`3abde1a0 : USER32!User32InitializeImmEntryTable+0x55
00007ff8`41ba0cee     : 00000000`7ffe0385 00000000`00000000 00000000`00000000 00000000`00000000 : IMM32!ImmDllInitialize+0xa4
00007ff8`41ab29fe     : 00000000`00000000 00000000`00000000 00000000`00000000 00000000`00000000 : ntdll!LdrpCallInitRoutineInternal+0x22
[GBRESOLVE] func=kernelbase!GetProcAddress
rcx=00007ff8403c0000
rdx=00007ff841380248
00007ff8`41380248  "CtfImmHideToolbarWnd"
RetAddr               : Args to Child                                                           : Call Site
00007ff8`41305a5d     : 0000002a`3abde580 00007ff8`403ca3a0 00007ff8`412f7fc0 00007ff8`412dcae0 : KERNELBASE!GetProcAddress
00007ff8`41305115     : 00000000`00000000 00000000`00000000 00000000`00000000 00000000`00000000 : USER32!_InitializeImmEntryTable+0x89d
00007ff8`403c8374     : 00000000`19650412 00000000`00000000 0000002a`3abde138 0000002a`3abde1a0 : USER32!User32InitializeImmEntryTable+0x55
00007ff8`41ba0cee     : 00000000`7ffe0385 00000000`00000000 00000000`00000000 00000000`00000000 : IMM32!ImmDllInitialize+0xa4
00007ff8`41ab29fe     : 00000000`00000000 00000000`00000000 00000000`00000000 00000000`00000000 : ntdll!LdrpCallInitRoutineInternal+0x22
[GBRESOLVE] func=kernelbase!GetProcAddress
rcx=00007ff8403c0000
rdx=00007ff841380260
00007ff8`41380260  "CtfImmDispatchDefImeMessage"
RetAddr               : Args to Child                                                           : Call Site
00007ff8`41305a83     : 0000002a`3abde580 00007ff8`403ca2c0 00007ff8`412f7fc0 00007ff8`412dcae0 : KERNELBASE!GetProcAddress
00007ff8`41305115     : 00000000`00000000 00000000`00000000 00000000`00000000 00000000`00000000 : USER32!_InitializeImmEntryTable+0x8c3
00007ff8`403c8374     : 00000000`19650412 00000000`00000000 0000002a`3abde138 0000002a`3abde1a0 : USER32!User32InitializeImmEntryTable+0x55
00007ff8`41ba0cee     : 00000000`7ffe0385 00000000`00000000 00000000`00000000 00000000`00000000 : IMM32!ImmDllInitialize+0xa4
00007ff8`41ab29fe     : 00000000`00000000 00000000`00000000 00000000`00000000 00000000`00000000 : ntdll!LdrpCallInitRoutineInternal+0x22
[GBRESOLVE] func=kernelbase!GetProcAddress
rcx=00007ff8403c0000
rdx=00007ff841380280
00007ff8`41380280  "CtfImmNotify"
RetAddr               : Args to Child                                                           : Call Site
00007ff8`41305aa9     : 0000002a`3abde580 00007ff8`403c8f00 00007ff8`412f7fc0 00007ff8`412dcae0 : KERNELBASE!GetProcAddress
00007ff8`41305115     : 00000000`00000000 00000000`00000000 00000000`00000000 00000000`00000000 : USER32!_InitializeImmEntryTable+0x8e9
00007ff8`403c8374     : 00000000`19650412 00000000`00000000 0000002a`3abde138 0000002a`3abde1a0 : USER32!User32InitializeImmEntryTable+0x55
00007ff8`41ba0cee     : 00000000`7ffe0385 00000000`00000000 00000000`00000000 00000000`00000000 : IMM32!ImmDllInitialize+0xa4
00007ff8`41ab29fe     : 00000000`00000000 00000000`00000000 00000000`00000000 00000000`00000000 : ntdll!LdrpCallInitRoutineInternal+0x22
[GBRESOLVE] func=kernelbase!GetProcAddress
rcx=00007ff8403c0000
rdx=00007ff841380290
00007ff8`41380290  "CtfImmSetDefaultRemoteKeyboardLa"
00007ff8`413802b0  "yout"
RetAddr               : Args to Child                                                           : Call Site
00007ff8`41305acf     : 0000002a`3abde580 00007ff8`403c9390 00007ff8`412f7fc0 00007ff8`412dcae0 : KERNELBASE!GetProcAddress
00007ff8`41305115     : 00000000`00000000 00000000`00000000 00000000`00000000 00000000`00000000 : USER32!_InitializeImmEntryTable+0x90f
00007ff8`403c8374     : 00000000`19650412 00000000`00000000 0000002a`3abde138 0000002a`3abde1a0 : USER32!User32InitializeImmEntryTable+0x55
00007ff8`41ba0cee     : 00000000`7ffe0385 00000000`00000000 00000000`00000000 00000000`00000000 : IMM32!ImmDllInitialize+0xa4
00007ff8`41ab29fe     : 00000000`00000000 00000000`00000000 00000000`00000000 00000000`00000000 : ntdll!LdrpCallInitRoutineInternal+0x22
[GBRESOLVE] func=kernelbase!GetProcAddress
rcx=00007ff8403c0000
rdx=00007ff8413802b8
00007ff8`413802b8  "CtfImmGetCompatibleKeyboardLayou"
00007ff8`413802d8  "t"
RetAddr               : Args to Child                                                           : Call Site
00007ff8`41305af5     : 0000002a`3abde580 00007ff8`403cb7b0 00007ff8`412f7fc0 00007ff8`412dcae0 : KERNELBASE!GetProcAddress
00007ff8`41305115     : 00000000`00000000 00000000`00000000 00000000`00000000 00000000`00000000 : USER32!_InitializeImmEntryTable+0x935
00007ff8`403c8374     : 00000000`19650412 00000000`00000000 0000002a`3abde138 0000002a`3abde1a0 : USER32!User32InitializeImmEntryTable+0x55
00007ff8`41ba0cee     : 00000000`7ffe0385 00000000`00000000 00000000`00000000 00000000`00000000 : IMM32!ImmDllInitialize+0xa4
00007ff8`41ab29fe     : 00000000`00000000 00000000`00000000 00000000`00000000 00000000`00000000 : ntdll!LdrpCallInitRoutineInternal+0x22
[GBRESOLVE] func=kernelbase!GetProcAddress
rcx=00007ff841a40000
rdx=00007ff83f76ca40
00007ff8`3f76ca40  "RtlQueryFeatureConfiguration"
RetAddr               : Args to Child                                                           : Call Site
00007ff8`3f71ac81     : 00000000`00000000 00000000`00000000 00002678`164f4f4d 00007ff8`3fe3dc20 : KERNELBASE!GetProcAddress
00007ff8`3f71b398     : 0000020f`f5106b80 0000002a`3abdeae0 00000000`00000000 00000000`00000000 : gdi32full!wil_RtlStagingConfig_QueryFeatureState+0x5d
00007ff8`3f71b228     : 00007ff8`4137a710 00000000`00000080 00000000`00000000 00007ff8`41afbca9 : gdi32full!wil_details_GetCurrentFeatureEnabledState+0x40
00007ff8`3f71b53b     : 00007ff8`00000001 00000000`00000000 00000000`00000000 00000000`00000000 : gdi32full!wil_details_FeatureStateCache_ReevaluateCachedFeatureEnabledState+0x44
00007ff8`3f7149a4     : 00000000`00000000 00000000`00000001 00000000`00000080 00007ff8`412d0000 : gdi32full!wil_details_IsEnabledFallback+0x37
[GBRESOLVE] func=kernelbase!GetProcAddress
rcx=00007ff841a40000
rdx=00007ff841380c78
00007ff8`41380c78  "RtlQueryFeatureConfiguration"
RetAddr               : Args to Child                                                           : Call Site
00007ff8`41325d5d     : 0065006d`00610047 002e0072`00610042 00000065`00780065 00000000`00000000 : KERNELBASE!GetProcAddress
00007ff8`413479f8     : 00000000`00002000 00000000`00000110 00000000`00000000 00007ff8`41a8e520 : USER32!wil_RtlStagingConfig_QueryFeatureState+0x5d
00007ff8`41347890     : 00000001`00000001 00000000`00000000 00000000`00000000 00000000`00000000 : USER32!wil_details_GetCurrentFeatureEnabledState+0x40
00007ff8`41347b4f     : 0000002a`00000001 00000000`00000000 00000000`00000000 00000000`00000000 : USER32!wil_details_FeatureStateCache_ReevaluateCachedFeatureEnabledState+0x44
00007ff8`4132327b     : 00000000`00000000 00000000`00000000 00000000`00000004 00000000`00000001 : USER32!wil_details_IsEnabledFallback+0x37
[GBRESOLVE] func=kernelbase!GetProcAddress
rcx=00007ff8412a0000
rdx=00007ff83f76ca10
00007ff8`3f76ca10  "DeleteEnhMetaFile"
RetAddr               : Args to Child                                                           : Call Site
00007ff8`3f714e5e     : 00007ff8`412a0000 00000000`00000000 00000000`00000004 00000000`00000000 : KERNELBASE!GetProcAddress
00007ff8`41323286     : 00000000`00000000 00000000`00000057 00000000`00000047 00007ff8`413a10c8 : gdi32full!GdiProcessSetup+0x44e
00007ff8`413231a9     : 0000002a`3abdea18 00000000`00000000 00000000`00000054 00000000`00000000 : USER32!ClientThreadSetup+0xa6
00007ff8`41ba68d4     : 00720072`00750043 00560074`006e0065 00690073`00720065 0047005c`006e006f : USER32!_ClientThreadSetup+0x9
00007ff8`3f476fa4     : 00007ff8`3f71a95c 00000000`00000000 0000002a`3abdebe0 00000000`00000000 : ntdll!KiUserCallbackDispatcherContinue
[GBRESOLVE] func=kernelbase!GetProcAddress
rcx=00007ff83f690000
rdx=00007ff8412b1728
00007ff8`412b1728  "GdiDllInitializeWrapper"
RetAddr               : Args to Child                                                           : Call Site
00007ff8`412a5f61     : 00007ff8`3f690000 00000000`00000000 0000020f`f510eef0 00000000`7ffe0384 : KERNELBASE!GetProcAddress
00007ff8`41ba0cee     : 00000000`00000000 00000000`00000000 00000000`00000000 00000000`00000000 : GDI32!Gdi32DllInitialize+0x91
00007ff8`41ab29fe     : 00000000`00000000 00000000`00000000 00000000`00000000 00000000`00000000 : ntdll!LdrpCallInitRoutineInternal+0x22
00007ff8`41ab196c     : 0000020f`f510efb0 00007ff8`412a0000 00000000`00000001 00007ff8`3f71ab90 : ntdll!LdrpCallInitRoutine+0x10e
00007ff8`41a7bc7a     : 0000020f`f510efb0 0000020f`f510f000 0000020f`00000000 0000020f`f510eef0 : ntdll!LdrpInitializeNode+0x19c
[GBRESOLVE] func=kernelbase!GetProcAddress
rcx=00007ff83eb70000
rdx=00007ff840d70558
00007ff8`40d70558  "SleepConditionVariableCS"
RetAddr               : Args to Child                                                           : Call Site
00007ff8`40cc6936     : 00007ff8`3eb70000 0000002a`3abdf9f0 029c6fbf`00000001 9c002400`00000000 : KERNELBASE!GetProcAddress
(Inline Function)     : --------`-------- --------`-------- --------`-------- --------`-------- : ole32!__scrt_initialize_thread_safe_statics_platform_specific+0x4c
00007ff8`3f1632b2     : 00007ff8`40d6a8f0 00000000`7ffe0385 0000002a`3abdf9f0 00007ff8`41a4c8ae : ole32!__scrt_initialize_thread_safe_statics+0x56
00007ff8`40cc6232     : 00000000`7ffe0300 0000002a`3abdf550 0000002a`3abdf9f0 00000000`00000001 : ucrtbase!initterm_e+0x92
00007ff8`40cc63cb     : 00000000`7ffe0385 0000002a`3abdf9f0 00000000`00000000 00000000`00000001 : ole32!dllmain_crt_process_attach+0x7a
[GBRESOLVE] func=kernelbase!GetProcAddress
rcx=00007ff83eb70000
rdx=00007ff840d70578
00007ff8`40d70578  "WakeAllConditionVariable"
RetAddr               : Args to Child                                                           : Call Site
00007ff8`40cc6949     : 00007ff8`3f163370 00007ff8`3ec48160 029c6fbf`00000001 9c002400`00000000 : KERNELBASE!GetProcAddress
(Inline Function)     : --------`-------- --------`-------- --------`-------- --------`-------- : ole32!__scrt_initialize_thread_safe_statics_platform_specific+0x5f
00007ff8`3f1632b2     : 00007ff8`40d6a8f0 00000000`7ffe0385 0000002a`3abdf9f0 00007ff8`41a4c8ae : ole32!__scrt_initialize_thread_safe_statics+0x69
00007ff8`40cc6232     : 00000000`7ffe0300 0000002a`3abdf550 0000002a`3abdf9f0 00000000`00000001 : ucrtbase!initterm_e+0x92
00007ff8`40cc63cb     : 00000000`7ffe0385 0000002a`3abdf9f0 00000000`00000000 00000000`00000001 : ole32!dllmain_crt_process_attach+0x7a
[GBRESOLVE] func=kernelbase!LoadLibraryExW
00007ff8`0b053ba0  "api-ms-win-core-synch-l1-2-0"
RetAddr               : Args to Child                                                           : Call Site
00007ff8`0b03dce7     : 00007ff8`40d92550 00007ff8`3f104e0b 00007ff8`40d92c60 00007ff8`40d5e4a0 : KERNELBASE!LoadLibraryExW
00007ff8`0b03df0e     : 00000000`00000fa0 0000002a`3abdf550 00000000`00000000 00007ff8`40cc68bd : GamingTelemetryNuGet!try_get_function+0x8b
00007ff8`0b03db80     : 00000000`00000001 0000002a`3abdf9f0 00000000`00000001 00007ff8`40cc6825 : GamingTelemetryNuGet!_vcrt_InitializeCriticalSectionEx+0x36
00007ff8`0b039d41     : 0000002a`3abdf9f0 00007ff8`41a4c8ae 029c6fbf`00000000 9c002400`00000000 : GamingTelemetryNuGet!_vcrt_initialize_locks+0x18
00007ff8`0b036dcb     : 00000000`0000001f 00000000`00000001 0000002a`3abdf9f0 00007ff8`41a4c8ae : GamingTelemetryNuGet!_vcrt_initialize+0x9
[GBRESOLVE] func=kernelbase!LoadLibraryExW
00007ff8`0b053b60  "api-ms-win-core-fibers-l1-1-1"
RetAddr               : Args to Child                                                           : Call Site
00007ff8`0b03dce7     : 00002678`164f5b8d 00007ff8`3ec390e0 00000000`00000fa0 00007ff8`3ec390eb : KERNELBASE!LoadLibraryExW
00007ff8`0b03ddd1     : 00007ff8`0b03a910 0000002a`3abdf550 0000002a`3abdf9f0 00007ff8`40cc68bd : GamingTelemetryNuGet!try_get_function+0x8b
00007ff8`0b03aa6c     : 00000000`00000001 0000002a`3abdf9f0 00000000`00000001 00007ff8`40cc6825 : GamingTelemetryNuGet!_vcrt_FlsAlloc+0x25
00007ff8`0b039d4e     : 0000002a`3abdf9f0 00007ff8`41a4c8ae 029c6fbf`00000000 9c002400`00000000 : GamingTelemetryNuGet!_vcrt_initialize_ptd+0x10
00007ff8`0b036dcb     : 00000000`0000001f 00000000`00000001 0000002a`3abdf9f0 00007ff8`41a4c8ae : GamingTelemetryNuGet!_vcrt_initialize+0x16
[GBRESOLVE] func=kernelbase!LoadLibraryExW
00007ff8`0b053ba0  "api-ms-win-core-synch-l1-2-0"
RetAddr               : Args to Child                                                           : Call Site
00007ff8`0b048385     : 0000002a`3abdf9f0 0000002a`3abdf550 00007ff8`0b063af0 00007ff8`3ec0f28b : KERNELBASE!LoadLibraryExW
00007ff8`0b04858e     : 00000000`00000fa0 0000002a`3abdf550 00000000`00000000 00007ff8`40cc68bd : GamingTelemetryNuGet!try_get_function+0xa9
00007ff8`0b044414     : 00000000`00000000 00007ff8`0b054260 00000000`00000001 00007ff8`40cc6825 : GamingTelemetryNuGet!_acrt_InitializeCriticalSectionEx+0x36
00007ff8`0b048801     : 0000002a`3abdf9f0 00007ff8`0b054160 029c6fbf`00000000 9c002400`00000000 : GamingTelemetryNuGet!_acrt_initialize_locks+0x24
00007ff8`0b036dd8     : 00000000`00000001 0000002a`3abdf9f0 0000002a`3abdf9f0 00007ff8`41a4c8ae : GamingTelemetryNuGet!_acrt_execute_initializers+0x35
[GBRESOLVE] func=kernelbase!LoadLibraryExW
00007ff8`0b055140  "api-ms-win-core-localization-l1-"
00007ff8`0b055180  "2-1"
RetAddr               : Args to Child                                                           : Call Site
00007ff8`0b048385     : 00000000`00000000 00000000`00000000 00000000`00000000 00000000`00000000 : KERNELBASE!LoadLibraryExW
00007ff8`0b048606     : 00000000`00000100 00007ff8`0b055000 00000000`00000100 00000000`00000100 : GamingTelemetryNuGet!try_get_function+0xa9
00007ff8`0b04c1b0     : 0000002a`3abde460 0000002a`3abde660 00000000`00000100 00000000`00000000 : GamingTelemetryNuGet!_acrt_LCMapStringEx+0x3e
00007ff8`0b04c3d5     : 0000002a`3abde790 00007ff8`0b055000 00000000`00000100 f8f70020`00200020 : GamingTelemetryNuGet!__acrt_LCMapStringA_stat+0x16c
00007ff8`0b047812     : 00000000`00000100 0000020f`f5123800 0000020f`f5123800 00007ff8`41b6de57 : GamingTelemetryNuGet!_acrt_LCMapStringA+0x71
[GBRESOLVE] func=kernelbase!LoadLibraryExW
00007ff8`0b053be0  "kernel32"
RetAddr               : Args to Child                                                           : Call Site
00007ff8`0b048385     : 0000020f`f511a018 00000000`00000000 00000000`01030000 0000002a`3abdef60 : KERNELBASE!LoadLibraryExW
00007ff8`0b048514     : 00007ff8`0b063c70 0000002a`3abdf000 0000002a`3abdf9f0 0000002a`3abdef80 : GamingTelemetryNuGet!try_get_function+0xa9
00007ff8`0b0473be     : 00007ff8`0b063c70 0000002a`3abdf9f0 00000000`00001000 00000000`00000102 : GamingTelemetryNuGet!_acrt_AreFileApisANSI+0x20
00007ff8`0b04374e     : 00000000`00000fa0 00007ff8`0b063c70 00000000`00000000 0000002a`3abdf550 : GamingTelemetryNuGet!_acrt_GetModuleFileNameA+0xb2
00007ff8`0b036c94     : 00000000`7ffe0300 0000002a`3abdf550 0000002a`3abdf9f0 00007ff8`0b0513e8 : GamingTelemetryNuGet!configure_narrow_argv+0x5a
[GBRESOLVE] func=kernelbase!GetProcAddress
rcx=00007ff83eb70000
rdx=00007ff83c151bf8
00007ff8`3c151bf8  "SleepConditionVariableCS"
RetAddr               : Args to Child                                                           : Call Site
00007ff8`3c0dde76     : 00007ff8`3eb70000 0000002a`3abdf9f0 029c6fbf`00000001 9c002400`00000000 : KERNELBASE!GetProcAddress
00007ff8`3f1632b2     : 00007ff8`3c14b708 00000000`7ffe0385 0000002a`3abdf9f0 00000000`00000000 : dxgi!__scrt_initialize_thread_safe_statics+0x56
00007ff8`3c0dd522     : 00000000`7ffe0300 0000002a`3abdf550 0000002a`3abdf9f0 00000000`00000001 : ucrtbase!initterm_e+0x92
00007ff8`3c0dd6bb     : 00000000`7ffe0385 0000002a`3abdf9f0 0000020f`f5118100 00000000`00000001 : dxgi!dllmain_crt_process_attach+0x7a
00007ff8`41ba0cee     : 00007ff8`3c070000 0000020f`00000001 0000002a`3abdf9f0 00000000`7ffe0385 : dxgi!dllmain_dispatch+0x73
[GBRESOLVE] func=kernelbase!GetProcAddress
rcx=00007ff83eb70000
rdx=00007ff83c151c18
00007ff8`3c151c18  "WakeAllConditionVariable"
RetAddr               : Args to Child                                                           : Call Site
00007ff8`3c0dde89     : 00007ff8`3f163370 00007ff8`3ec48160 029c6fbf`00000001 9c002400`00000000 : KERNELBASE!GetProcAddress
00007ff8`3f1632b2     : 00007ff8`3c14b708 00000000`7ffe0385 0000002a`3abdf9f0 00000000`00000000 : dxgi!__scrt_initialize_thread_safe_statics+0x69
00007ff8`3c0dd522     : 00000000`7ffe0300 0000002a`3abdf550 0000002a`3abdf9f0 00000000`00000001 : ucrtbase!initterm_e+0x92
00007ff8`3c0dd6bb     : 00000000`7ffe0385 0000002a`3abdf9f0 0000020f`f5118100 00000000`00000001 : dxgi!dllmain_crt_process_attach+0x7a
00007ff8`41ba0cee     : 00007ff8`3c070000 0000020f`00000001 0000002a`3abdf9f0 00000000`7ffe0385 : dxgi!dllmain_dispatch+0x73
[GBRESOLVE] func=kernelbase!LoadLibraryExW
00007ff8`3c14d480  "gdi32.dll"
RetAddr               : Args to Child                                                           : Call Site
00007ff8`3c0cb7b2     : 00007ff8`3c180880 00007ff8`41ac7000 029c6fbf`00000000 9c002400`00000000 : KERNELBASE!LoadLibraryExW
00007ff8`3f15e716     : 00000000`0000001f 00000000`7ffe0300 0000002a`3abdf9f0 00000000`00000000 : dxgi!`dynamic initializer for 'g_DXGKernel''+0x12
00007ff8`3c0dd542     : 00000000`7ffe0300 0000002a`3abdf550 0000002a`3abdf9f0 00000000`00000001 : ucrtbase!initterm+0x36
00007ff8`3c0dd6bb     : 00000000`7ffe0385 0000002a`3abdf9f0 0000020f`f5118100 00000000`00000001 : dxgi!dllmain_crt_process_attach+0x9a
00007ff8`41ba0cee     : 00007ff8`3c070000 0000020f`00000001 0000002a`3abdf9f0 00000000`7ffe0385 : dxgi!dllmain_dispatch+0x73
[GBRESOLVE] func=kernelbase!GetProcAddress
rcx=00007ff841a40000
rdx=00007ff83c14eff0
00007ff8`3c14eff0  "RtlRegisterFeatureConfigurationC"
00007ff8`3c14f010  "hangeNotification"
RetAddr               : Args to Child                                                           : Call Site
00007ff8`3c0a818c     : 00000000`00000103 0000002a`3add6000 00000000`000000ff 00000000`00000008 : KERNELBASE!GetProcAddress
00007ff8`3c0a810d     : 00007ff8`3c17c320 00007ff8`3c17cda8 00007ff8`41c13910 0000020f`f5118460 : dxgi!wil_details_RtlRegisterFeatureConfigurationChangeNotification+0x30
00007ff8`3c0c72c1     : 00007ff8`3c17cd90 0000002a`3abdefb0 00007ff8`3c17cda8 00007ff8`3c17cd88 : dxgi!wil::details::FeatureStateManager::SubscribeToEnabledStateChanges+0x61
00007ff8`3c0fac15     : 0000002a`3abdeeb8 00000000`00000000 00000000`00000000 00007ff8`3c084327 : dxgi!wil::details::EnabledStateManager::EnsureSubscribedToFeatureConfigurationChangesImpl+0x69
00007ff8`3c1015cf     : 00000000`00000000 00007ff8`3c17e260 00007ff8`3c17e5c8 00000000`00000000 : dxgi!wil::details::FeatureImpl<__WilFeatureTraits_Feature_DXGI_DllInitFilter>::GetCachedFeatureEnabledState+0x2d
[GBRESOLVE] func=kernelbase!GetProcAddress
rcx=00007ff841a40000
rdx=00007ff83c14ef80
00007ff8`3c14ef80  "RtlDisownModuleHeapAllocation"
RetAddr               : Args to Child                                                           : Call Site
00007ff8`3c0abeab     : 00007ff8`41a40000 00000000`00000040 0000020f`f5000000 0000020f`f5129cb0 : KERNELBASE!GetProcAddress
00007ff8`3c0ab69b     : 00007ff8`3c17c370 00000000`00000000 00007ff8`3c0ad880 00007ff8`3c0ad880 : dxgi!wil::details::ProcessHeapAlloc+0x77
00007ff8`3c0a9f13     : 00007ff8`3c17c320 00007ff8`3c17c348 00000000`00000000 00007ff8`3c17cda8 : dxgi!wil::details_abi::heap_buffer::reserve+0x4b
00007ff8`3c0a8123     : 00007ff8`3c17c320 00007ff8`3c17cd88 00007ff8`3c17cda8 0000020f`f5118460 : dxgi!wil::details_abi::SubscriptionList::SubscribeUnderLock+0xf7
00007ff8`3c0c72c1     : 00007ff8`3c17cd90 0000002a`3abdefb0 00007ff8`3c17cda8 00007ff8`3c17cd88 : dxgi!wil::details::FeatureStateManager::SubscribeToEnabledStateChanges+0x77
[GBRESOLVE] func=kernelbase!GetProcAddress
rcx=00007ff841a40000
rdx=00007ff83c14efb8
00007ff8`3c14efb8  "RtlQueryFeatureConfiguration"
RetAddr               : Args to Child                                                           : Call Site
00007ff8`3c0a927f     : 00000000`00000000 00007ff8`3c0abeab 00000000`001e001d 00007ff8`3c14ef80 : KERNELBASE!GetProcAddress
00007ff8`3c0a918b     : 00007ff8`3c17c370 0000020f`f5119e40 00007ff8`3c17d840 00007ff8`3c0ad880 : dxgi!wil_RtlStagingConfig_QueryFeatureState+0xaf
00007ff8`3c0a90c0     : 0000002a`3abdee88 0000002a`3abdefb0 00007ff8`3c0d3090 00007ff8`00000000 : dxgi!wil::details::IsFeatureConfigured+0x9f
00007ff8`3c0fbdd8     : 00007ff8`3c17cd90 00007ff8`3c17cd90 0000002a`3abdefb0 00007ff8`3c17cd88 : dxgi!wil::details::WilApiImpl_GetFeatureEnabledState+0x40
00007ff8`3c0fac2b     : 0000002a`3abdeeb8 0000002a`3abdefb0 00000000`00000001 00007ff8`3c084327 : dxgi!wil::details::FeatureImpl<__WilFeatureTraits_Feature_DXGI_DllInitFilter>::GetCurrentFeatureEnabledState+0x28
[GBRESOLVE] func=kernelbase!GetProcAddress
rcx=00007ff841a40000
rdx=00007ff83c14edc0
00007ff8`3c14edc0  "RtlDllShutdownInProgress"
RetAddr               : Args to Child                                                           : Call Site
00007ff8`3c0a8680     : 00007ff8`3c070000 00007ff8`3c17e260 00000000`00000001 00000000`03667c98 : KERNELBASE!GetProcAddress
00007ff8`3c0ab255     : 00007ff8`3c070000 00000000`00000010 00007ff8`3c0dd780 0000002a`3abdf9f0 : dxgi!wil::details::RtlDllShutdownInProgress+0x30
00007ff8`3c0aafa2     : 00000000`00000001 00000000`00000040 0000020f`00000993 00000000`00000040 : dxgi!wil::ProcessShutdownInProgress+0x21
00007ff8`3c0aac56     : 00000000`00000006 00007ff8`3c1808f0 00000000`03713c10 0000002a`3abdf9f0 : dxgi!wil::details::EnabledStateManager::QueueBackgroundUsageReporting+0x2a
00007ff8`3c0ff080     : 00007ff8`3c1808e8 0000002a`3abdefb0 00000000`00000000 00007ff8`3c1808e8 : dxgi!wil::details::ReportUsageToService+0xd6
[GBRESOLVE] func=kernelbase!GetProcAddress
rcx=00007ff83eb70000
rdx=00007ff83c151230
00007ff8`3c151230  "LogStagedFeatureUsage"
RetAddr               : Args to Child                                                           : Call Site
00007ff8`3c0c68d7     : 00007ff8`3eb70000 00007ff8`3c17c300 00007ff8`3c0cb9f0 00007ff8`3c0ab03e : KERNELBASE!GetProcAddress
00007ff8`3c0c685e     : 00000000`00000002 00007ff8`3c17cd90 00000000`00000000 00007ff8`3c1808f0 : dxgi!wil_details_GetKernelBaseProcAddress+0x47
00007ff8`3c0aace2     : 00000000`00000006 00000000`03713c10 00000000`03713c10 0000002a`3abdf9f0 : dxgi!wil_StagingConfig_LogStagedFeatureUsage+0x2e
00007ff8`3c0ff080     : 00007ff8`3c1808e8 0000002a`3abdefb0 00000000`00000000 00007ff8`3c1808e8 : dxgi!wil::details::ReportUsageToService+0x162
00007ff8`3c1015e0     : 00000002`00000000 00007ff8`3c17e500 00007ff8`3c17e5c8 0000020f`f4270000 : dxgi!wil::details::FeatureImpl<__WilFeatureTraits_Feature_DXGI_DllInitFilter>::ReportUsage+0x74
ModLoad: 00007ff8`3bf00000 00007ff8`3bf6a000   C:\WINDOWS\SYSTEM32\directxdatabasehelper.dll
[GBRESOLVE] func=kernelbase!GetProcAddress
rcx=00007ff841a40000
rdx=00007ff83bf4c178
00007ff8`3bf4c178  "RtlRegisterFeatureConfigurationC"
00007ff8`3bf4c198  "hangeNotification"
RetAddr               : Args to Child                                                           : Call Site
00007ff8`3bf21958     : 00000000`00000000 00000000`00000000 00000000`00000000 00000000`00000000 : KERNELBASE!GetProcAddress
00007ff8`3bf19f1b     : 00007ff8`3bf60688 00007ff8`3bf03880 00000000`00000000 00000000`00000000 : directxdatabasehelper!wil_details_RtlRegisterFeatureConfigurationChangeNotification+0x30
00007ff8`3bf08170     : 00007ff8`3bf60688 0000002a`3abddec0 00007ff8`3bf601d0 00000000`00000000 : directxdatabasehelper!wil::details::WilApiImpl_SubscribeFeatureStateChangeNotification+0x8b
00007ff8`3bf080fb     : 00007ff8`3bf60670 0000002a`3abddf28 00007ff8`3bf02250 00000000`00000000 : directxdatabasehelper!wil::details::EnabledStateManager::EnsureSubscribedToFeatureConfigurationChangesImpl+0x68
00007ff8`3bf09bac     : 00000000`00000000 00000000`00000040 00000000`00000040 00000000`00000000 : directxdatabasehelper!wil::details::EnsureSubscribedToFeatureConfigurationChanges+0x1b
[GBRESOLVE] func=kernelbase!GetProcAddress
rcx=00007ff841a40000
rdx=00007ff83bf4c018
00007ff8`3bf4c018  "RtlDisownModuleHeapAllocation"
RetAddr               : Args to Child                                                           : Call Site
00007ff8`3bf14487     : 00007ff8`41a40000 00000000`00000040 0000020f`f5000000 00000000`00000000 : KERNELBASE!GetProcAddress
00007ff8`3bf1b0ba     : 00007ff8`3bf60220 0000002a`3abddde0 00007ff8`3bf601b0 0000020f`f5124da0 : directxdatabasehelper!wil::details::ProcessHeapAlloc+0x77
00007ff8`3bf1afa4     : 00000000`3bf60100 00007ff8`3bf60220 0000002a`3abddde0 00000000`00000010 : directxdatabasehelper!wil::details_abi::heap_buffer::reserve+0x42
00007ff8`3bf1985d     : 00007ff8`3bf60220 00007ff8`3bf03880 00007ff8`3bf03750 00000000`00000000 : directxdatabasehelper!wil::details_abi::heap_buffer::push_back+0x20
00007ff8`3bf19f34     : 00007ff8`3bf60688 00007ff8`3bf03880 00000000`00000000 00000000`00000000 : directxdatabasehelper!wil::details_abi::SubscriptionList::SubscribeUnderLock+0x75
[GBRESOLVE] func=kernelbase!GetProcAddress
rcx=00007ff841a40000
rdx=00007ff83bf4c158
00007ff8`3bf4c158  "RtlQueryFeatureConfiguration"
RetAddr               : Args to Child                                                           : Call Site
00007ff8`3bf218ea     : 00007ff8`3bf00000 00007ff8`3bf00000 00000000`00000000 0000020f`f5000000 : KERNELBASE!GetProcAddress
00007ff8`3bf210f3     : 00000000`00000000 00000000`0338394b 0000002a`3abdde30 00007ff8`3bf2105f : directxdatabasehelper!wil_details_RtlQueryFeatureConfiguration+0x36
00007ff8`3bf13415     : 0000002a`3abddde0 00000000`00000010 00007ff8`3bf61200 00007ff8`3bf1985d : directxdatabasehelper!wil_RtlStagingConfig_QueryFeatureState+0x4f
00007ff8`3bf19df0     : 0000002a`3abddef8 0000002a`3abddec0 0000002a`3abddec0 00000000`00000000 : directxdatabasehelper!wil::details::IsFeatureConfigured+0x79
00007ff8`3bf0f02c     : 00007ff8`3bf60670 0000002a`3abddf28 00007ff8`3bf02250 00000000`00000000 : directxdatabasehelper!wil::details::WilApiImpl_GetFeatureEnabledState+0x40
[GBRESOLVE] func=kernelbase!GetProcAddress
rcx=00007ff841a40000
rdx=00007ff83bf4c0e8
00007ff8`3bf4c0e8  "RtlDllShutdownInProgress"
RetAddr               : Args to Child                                                           : Call Site
00007ff8`3bf18b80     : 00007ff8`3bf61200 00007ff8`3bf2190c 00000000`0338394b 00007ff8`41b27360 : KERNELBASE!GetProcAddress
00007ff8`3bf1453d     : 00007ff8`3bf02250 00000000`00000000 00000000`00000000 00007ff8`3bf07147 : directxdatabasehelper!wil::details::RtlDllShutdownInProgress+0x20
00007ff8`3bf156a6     : 0000020f`00000993 00007ff8`3bf2105f 00000000`00000040 00007ff8`3bf2105f : directxdatabasehelper!wil::ProcessShutdownInProgress+0x21
00007ff8`3bf15b3c     : 00007ff8`3bf61728 0000002a`3abdddf0 00000000`0338394b 00007ff8`3bf61870 : directxdatabasehelper!wil::details::EnabledStateManager::QueueBackgroundUsageReporting+0x26
00007ff8`3bf1896d     : 00007ff8`3bf61870 00000000`00000000 00007ff8`3bf61728 00000000`00000001 : directxdatabasehelper!wil::details::RecordFeatureUsageCallback+0x54
[GBRESOLVE] func=kernelbase!GetProcAddress
rcx=00007ff83eb70000
rdx=00007ff83bf4c200
00007ff8`3bf4c200  "LogStagedFeatureUsage"
RetAddr               : Args to Child                                                           : Call Site
00007ff8`3bf1b5a3     : 00007ff8`3eb70000 00007ff8`3bf60670 00000000`0338394b 00000000`0338394b : KERNELBASE!GetProcAddress
00007ff8`3bf211ee     : 00000000`00000002 00000000`0338394b 00000000`0338394b 00007ff8`3bf61870 : directxdatabasehelper!wil_details_GetKernelBaseProcAddress+0x47
00007ff8`3bf189bb     : 00000000`00000000 00000000`00000000 00007ff8`3bf61728 00000000`00000001 : directxdatabasehelper!wil_StagingConfig_LogStagedFeatureUsage+0x2e
00007ff8`3bf188ad     : 00000000`0338394b 0000002a`3abddf79 0000002a`3abddef0 00000000`00000010 : directxdatabasehelper!wil::details::ReportUsageToServiceDirect+0xb3
00007ff8`3bf16c68     : 00007ff8`3bf61868 00000000`00000001 00000000`00000001 00000000`00000000 : directxdatabasehelper!wil::details::ReportUsageToService+0x49
[GBRESOLVE] func=kernelbase!GetProcAddress
rcx=00007ff83eb70000
rdx=00007ff83bf4c108
00007ff8`3bf4c108  "WilFailureNotifyWatchers"
RetAddr               : Args to Child                                                           : Call Site
00007ff8`3bf1b5a3     : 00007ff8`3bf60f60 00000000`00000141 00007ff8`3bf60670 0000002a`3abdd2d0 : KERNELBASE!GetProcAddress
00007ff8`3bf1a1d4     : 0000002a`3abdd310 00000000`00000000 00000000`00000147 00007ff8`41b27432 : directxdatabasehelper!wil_details_GetKernelBaseProcAddress+0x47
00007ff8`3bf13f2c     : 0000002a`3abdd410 0000002a`3abdd380 0000002a`3abdd8b0 00000000`00000000 : directxdatabasehelper!wil::details::WilFailureNotifyWatchers+0x28
00007ff8`3bf1398b     : 00000000`00000000 0000002a`3abdd410 00000000`00000040 00007ff8`3bf617f0 : directxdatabasehelper!wil::details::MicrosoftInternalNotifyFailure+0x6c
00007ff8`3bf05910     : 00007ff8`3bf26a70 00007ff8`000000a8 00007ff8`3bf26c89 00000000`00000001 : directxdatabasehelper!wil::details::LogFailure+0x1b7
onecore\windows\directx\database\helperlibrary\lib\perappusersettingsqueryimpl.cpp(168)\directxdatabasehelper.dll!00007FF83BF26C89: (caller: 00007FF83BF26A70) ReturnHr(1) tid(587c) 80070005 액세스가 거부되onecore\windows\directx\database\helperlibrary\lib\perappusersettingsqueryimpl.cpp(96)\directxdatabasehelper.dll!00007FF83BF26A09: (caller: 00007FF83BF1F244) ReturnHr(2) tid(587c) 80070005 액세스가 거부되onecore\windows\directx\database\helperlibrary\lib\directxdatabasehelper.cpp(2272)\directxdatabasehelper.dll!00007FF83BF1F35B: (caller: 00007FF83C0D5C41) ReturnHr(3) tid(587c) 80070005 액세스가 거부되[GBRESOLVE] func=kernelbase!LoadLibraryExW
00007ff8`3bf4c000  "ntdll.dll"
RetAddr               : Args to Child                                                           : Call Site
00007ff8`3bf3664d     : 00007ff8`3bf4d920 00000000`00000000 00007ff8`3bf61ca0 00000000`00000000 : KERNELBASE!LoadLibraryExW
00007ff8`3bf47981     : 00000000`00000000 00007ff8`3bf61ca0 0000002a`3abde5e0 00007ff8`3bf47779 : directxdatabasehelper!RtlDownlevelGetNtSystemRoot+0x31
00007ff8`3bf4758b     : 00007ff8`3bf61ca0 0000002a`3abde5f0 0000020f`f5133900 0000002a`3abde5f0 : directxdatabasehelper!AslPathIsOnRemovableMedia+0xd9
00007ff8`3bf3ae2e     : 00000000`00000000 00007ff8`3bf237d2 00000000`00000000 00000000`00000000 : directxdatabasehelper!AslPathBuildSignatureLongpath+0x73
00007ff8`3bf242c7     : 00000000`00000000 0000002a`3abde780 0000020f`f5117ae0 00000000`00000000 : directxdatabasehelper!SdbGetMatchingExe+0x4a
[GBRESOLVE] func=kernelbase!GetProcAddress
rcx=00007ff841a40000
rdx=00007ff83bf516b0
00007ff8`3bf516b0  "RtlGetNtSystemRoot"
RetAddr               : Args to Child                                                           : Call Site
00007ff8`3bf3666b     : 00007ff8`00000000 00000000`7ffe0030 00007ff8`3bf61ca0 00000000`00000000 : KERNELBASE!GetProcAddress
00007ff8`3bf47981     : 00000000`00000000 00007ff8`3bf61ca0 0000002a`3abde5e0 00007ff8`3bf47779 : directxdatabasehelper!RtlDownlevelGetNtSystemRoot+0x4f
00007ff8`3bf4758b     : 00007ff8`3bf61ca0 0000002a`3abde5f0 0000020f`f5133900 0000002a`3abde5f0 : directxdatabasehelper!AslPathIsOnRemovableMedia+0xd9
00007ff8`3bf3ae2e     : 00000000`00000000 00007ff8`3bf237d2 00000000`00000000 00000000`00000000 : directxdatabasehelper!AslPathBuildSignatureLongpath+0x73
00007ff8`3bf242c7     : 00000000`00000000 0000002a`3abde780 0000020f`f5117ae0 00000000`00000000 : directxdatabasehelper!SdbGetMatchingExe+0x4a
onecore\windows\directx\database\helperlibrary\lib\perappusersettingsqueryimpl.cpp(168)\directxdatabasehelper.dll!00007FF83BF26C89: (caller: 00007FF83BF26A70) ReturnHr(4) tid(587c) 80070005 액세스가 거부되onecore\windows\directx\database\helperlibrary\lib\directxdatabasehelper.cpp(2074)\directxdatabasehelper.dll!00007FF83BF20639: (caller: 00007FF83BF053A2) ReturnHr(5) tid(587c) 80070005 액세스가 거부되[GBRESOLVE] func=kernelbase!LoadLibraryExW
00007ff8`3bf4c450  "dxcore.dll"
RetAddr               : Args to Child                                                           : Call Site
00007ff8`3bf1ba5d     : 00000000`00000001 00000000`00000046 00000000`80000000 00000000`00000000 : KERNELBASE!LoadLibraryExW
00007ff8`3c0d5af9     : 00000000`00000004 00000000`00000000 00000000`00000001 0000002a`3abdee20 : directxdatabasehelper!QueryDeviceListConfig+0xdd
00007ff8`3c0d5ff4     : 00000000`00000000 00000000`00000006 0000002a`3abdee70 00000000`00000001 : dxgi!CModule::InitPresentEffectsDeviceApplicability+0x79
00007ff8`3c0cc461     : 00000000`00000005 00000000`00000004 00007ff8`3c17e5c8 00007ff8`3c17e5c8 : dxgi!CModule::InitPresentEffectsEligibility+0x4ac
00007ff8`3c0cbe79     : 00007ff8`3c14b6b0 0000002a`3abdf9f0 00007ff8`3c14b6e8 00007ff8`3c070000 : dxgi!CModule::CModule+0x5d1
ModLoad: 00007ff8`3beb0000 00007ff8`3befd000   C:\WINDOWS\SYSTEM32\dxcore.dll
[GBRESOLVE] func=kernelbase!GetProcAddress
rcx=00007ff83eb70000
rdx=00007ff83bee59b8
00007ff8`3bee59b8  "SleepConditionVariableCS"
RetAddr               : Args to Child                                                           : Call Site
00007ff8`3beb2e06     : 00007ff8`3eb70000 00000000`00000000 029c6fbf`00000001 9c002400`00000000 : KERNELBASE!GetProcAddress
00007ff8`3f1632b2     : 00007ff8`3bee52a8 00000000`7ffe0385 00000000`00000000 00007ff8`41aaf51d : dxcore!__scrt_initialize_thread_safe_statics+0x56
00007ff8`3beb2582     : 00000000`7ffe0300 0000002a`3abdea30 00000000`00000000 00000000`00000001 : ucrtbase!initterm_e+0x92
00007ff8`3beb271b     : 00000000`7ffe0385 00000000`00000000 00000000`00000000 00000000`00000001 : dxcore!dllmain_crt_process_attach+0x7a
00007ff8`41ba0cee     : 00007ff8`3beb0000 0000020f`00000001 00000000`00000000 00000000`7ffe0385 : dxcore!dllmain_dispatch+0x73
[GBRESOLVE] func=kernelbase!GetProcAddress
rcx=00007ff83eb70000
rdx=00007ff83bee59d8
00007ff8`3bee59d8  "WakeAllConditionVariable"
RetAddr               : Args to Child                                                           : Call Site
00007ff8`3beb2e19     : 00007ff8`3f163370 00007ff8`3ec48160 029c6fbf`00000001 9c002400`00000000 : KERNELBASE!GetProcAddress
00007ff8`3f1632b2     : 00007ff8`3bee52a8 00000000`7ffe0385 00000000`00000000 00007ff8`41aaf51d : dxcore!__scrt_initialize_thread_safe_statics+0x69
00007ff8`3beb2582     : 00000000`7ffe0300 0000002a`3abdea30 00000000`00000000 00000000`00000001 : ucrtbase!initterm_e+0x92
00007ff8`3beb271b     : 00000000`7ffe0385 00000000`00000000 00000000`00000000 00000000`00000001 : dxcore!dllmain_crt_process_attach+0x7a
00007ff8`41ba0cee     : 00007ff8`3beb0000 0000020f`00000001 00000000`00000000 00000000`7ffe0385 : dxcore!dllmain_dispatch+0x73
[GBRESOLVE] func=kernelbase!GetProcAddress
rcx=00007ff83beb0000
rdx=00007ff83bf4c488
00007ff8`3bf4c488  "DXCoreCreateAdapterFactory"
RetAddr               : Args to Child                                                           : Call Site
00007ff8`3bf1baca     : 00000000`00000000 00000000`00000001 00000000`80000000 00000000`00000000 : KERNELBASE!GetProcAddress
00007ff8`3c0d5af9     : 00000000`00000004 00000000`00000000 00000000`00000001 0000002a`3abdee20 : directxdatabasehelper!QueryDeviceListConfig+0x14a
00007ff8`3c0d5ff4     : 00000000`00000000 00000000`00000006 0000002a`3abdee70 00000000`00000001 : dxgi!CModule::InitPresentEffectsDeviceApplicability+0x79
00007ff8`3c0cc461     : 00000000`00000005 00000000`00000004 00007ff8`3c17e5c8 00007ff8`3c17e5c8 : dxgi!CModule::InitPresentEffectsEligibility+0x4ac
00007ff8`3c0cbe79     : 00007ff8`3c14b6b0 0000002a`3abdf9f0 00007ff8`3c14b6e8 00007ff8`3c070000 : dxgi!CModule::CModule+0x5d1
ModLoad: 00007ff8`3e6f0000 00007ff8`3e747000   C:\WINDOWS\SYSTEM32\cfgmgr32.dll
ModLoad: 00007ff8`3f560000 00007ff8`3f5f9000   C:\WINDOWS\System32\bcryptPrimitives.dll
[GBRESOLVE] func=kernelbase!GetProcAddress
rcx=00007ff841a40000
rdx=00007ff83bee5dd8
00007ff8`3bee5dd8  "RtlRegisterFeatureConfigurationC"
00007ff8`3bee5df8  "hangeNotification"
RetAddr               : Args to Child                                                           : Call Site
00007ff8`3beba330     : 00000000`00000000 00000000`00000003 00000000`00000000 00007ff8`3bec086a : KERNELBASE!GetProcAddress
00007ff8`3beb91cb     : 00007ff8`3bef2758 00007ff8`3beb3ea0 00007ff8`3f105e00 00007ff8`3f105cbd : dxcore!wil_details_RtlRegisterFeatureConfigurationChangeNotification+0x30
00007ff8`3beb57f8     : 00007ff8`3bef2758 0000002a`3abdeae0 00007ff8`3bef20b0 00007ff8`3beba3e0 : dxcore!wil::details::WilApiImpl_SubscribeFeatureStateChangeNotification+0x8b
00007ff8`3beb5783     : 00007ff8`3bef2740 0000002a`3abdeb48 0000020f`f51206c0 00007ff8`3bebf038 : dxcore!wil::details::EnabledStateManager::EnsureSubscribedToFeatureConfigurationChangesImpl+0x68
00007ff8`3bec4180     : 00000000`00000000 00007ff8`3beb2cbe 0000020f`f5120610 00007ff8`3bec90d0 : dxcore!wil::details::EnsureSubscribedToFeatureConfigurationChanges+0x1b
[GBRESOLVE] func=kernelbase!GetProcAddress
rcx=00007ff841a40000
rdx=00007ff83bee5c90
00007ff8`3bee5c90  "RtlDisownModuleHeapAllocation"
RetAddr               : Args to Child                                                           : Call Site
00007ff8`3beb733b     : 00007ff8`41a40000 00000000`00000040 0000020f`f5000000 00000000`00000000 : KERNELBASE!GetProcAddress
00007ff8`3beb9812     : 00007ff8`3bef2100 0000002a`3abdea00 00007ff8`3bef2090 0000020f`f5136040 : dxcore!wil::details::ProcessHeapAlloc+0x77
00007ff8`3beb978c     : 00000000`3bef2000 00007ff8`3bef2100 0000002a`3abdea00 00000000`00000010 : dxcore!wil::details_abi::heap_buffer::reserve+0x42
00007ff8`3beb8bad     : 00007ff8`3bef2100 00007ff8`3beb3ea0 00007ff8`3beb3df0 00007ff8`3bec086a : dxcore!wil::details_abi::heap_buffer::push_back+0x20
00007ff8`3beb91e4     : 00007ff8`3bef2758 00007ff8`3beb3ea0 00007ff8`3f105e00 00007ff8`3f105cbd : dxcore!wil::details_abi::SubscriptionList::SubscribeUnderLock+0x75
[GBRESOLVE] func=kernelbase!GetProcAddress
rcx=00007ff841a40000
rdx=00007ff83bee5db8
00007ff8`3bee5db8  "RtlQueryFeatureConfiguration"
RetAddr               : Args to Child                                                           : Call Site
00007ff8`3beb9f35     : 00000000`00000000 0000020f`f5000000 0000020f`f5133180 00007ff8`3beb4eeb : KERNELBASE!GetProcAddress
00007ff8`3beb65ca     : 00007ff8`3bef2100 0000002a`3abdea00 00007ff8`3bef3050 00000000`00000010 : dxcore!wil_RtlStagingConfig_QueryFeatureState+0x5d
00007ff8`3beb90a0     : 0000002a`3abdeb18 0000002a`3abdeae0 0000002a`3abdeae0 00007ff8`00000000 : dxcore!wil::details::IsFeatureConfigured+0x86
00007ff8`3bec5fe8     : 00007ff8`3bef2740 0000002a`3abdeb48 0000020f`f51206c0 00007ff8`3bebf038 : dxcore!wil::details::WilApiImpl_GetFeatureEnabledState+0x40
00007ff8`3bec4193     : 0000002a`3abdeb48 00000000`00000001 0000020f`f5120610 00007ff8`3bec90d0 : dxcore!wil::details::FeatureImpl<__WilFeatureTraits_Feature_Servicing_DXCore_AdapterListConcurrency>::GetCurrentFeatureEnabledState+0x1c
[GBRESOLVE] func=kernelbase!GetProcAddress
rcx=00007ff841a40000
rdx=00007ff83bee5d78
00007ff8`3bee5d78  "RtlDllShutdownInProgress"
RetAddr               : Args to Child                                                           : Call Site
00007ff8`3beb8140     : 00000000`00000040 00007ff8`3bef32f8 00000000`00000001 00007ff8`3becbc17 : KERNELBASE!GetProcAddress
00007ff8`3beb73f1     : 00007ff8`3bef2740 00007ff8`3beb4eeb 0000002a`3abde990 00007ff8`3beb9e6f : dxcore!wil::details::RtlDllShutdownInProgress+0x20
00007ff8`3beca512     : 00000000`00000147 0000b501`52597fa9 00007ff8`3bef3308 00007ff8`3beb4bb7 : dxcore!wil::ProcessShutdownInProgress+0x21
00007ff8`3becbe53     : 00000000`00000002 00000000`00000002 0000002a`3abdea38 0000002a`3abdeb10 : dxcore!wil::details::EnabledStateManager::QueueBackgroundUsageReporting+0x22
00007ff8`3becbd65     : 00000000`033c55c3 0000002a`3abded89 00007ff8`3beba3e0 00007ff8`3beba3e0 : dxcore!wil::details::ReportUsageToServiceDirect+0x93
[GBRESOLVE] func=kernelbase!GetProcAddress
rcx=00007ff83eb70000
rdx=00007ff83bee5e60
00007ff8`3bee5e60  "LogStagedFeatureUsage"
RetAddr               : Args to Child                                                           : Call Site
00007ff8`3beb9bb3     : 00007ff8`3eb70000 00007ff8`3bef2740 00000000`00000001 00000000`00000001 : KERNELBASE!GetProcAddress
00007ff8`3beba07e     : 00000000`00000002 00000000`00000001 00000000`033c55c3 00007ff8`3beba3c0 : dxcore!wil_details_GetKernelBaseProcAddress+0x47
00007ff8`3becbed2     : 00000000`00000002 00000000`00000000 00000000`00000000 00007ff8`3bef2740 : dxcore!wil_StagingConfig_LogStagedFeatureUsage+0x2e
00007ff8`3becbd65     : 00000000`033c55c3 0000002a`3abded89 00007ff8`3beba3e0 00007ff8`3beba3e0 : dxcore!wil::details::ReportUsageToServiceDirect+0x112
00007ff8`3becb0e0     : 00007ff8`3bef51b8 00000000`00000001 0000020f`f5120610 00007ff8`3bec90d0 : dxcore!wil::details::ReportUsageToService+0x49
[GBRESOLVE] func=kernelbase!GetProcAddress
rcx=00007ff841a40000
rdx=00007ff83bee5e78
00007ff8`3bee5e78  "NtQueryWnfStateData"
RetAddr               : Args to Child                                                           : Call Site
00007ff8`3beba0d8     : 0000020f`f5126db0 0000020f`f50002c0 00000000`00000000 00007ff8`41b5fe70 : KERNELBASE!GetProcAddress
00007ff8`3beb7dc1     : 0000002a`3abde6c0 00000000`00000000 00000000`000000c0 00000000`0000000e : dxcore!wil_details_NtQueryWnfStateData+0x28
00007ff8`3beb75fe     : 00000000`00020004 0000002a`3abde6c0 00000000`00000000 00000000`00000000 : dxcore!wil::details_abi::RecordWnfUsageIndex+0x99
00007ff8`3beb79d2     : 0000020f`f510a0d0 0000020f`f510a0d0 00007ff8`3bef2090 00007ff8`3beb4bb7 : dxcore!wil::details_abi::UsageIndexes::Record+0x56
00007ff8`3beb77ff     : 0000020f`f510a0d0 00007ff8`3beba2f4 00000000`000000fe 0000020f`f51335c0 : dxcore!wil::details_abi::FeatureStateData::RecordUsage+0x52
[GBRESOLVE] func=kernelbase!GetProcAddress
rcx=00007ff841a40000
rdx=00007ff83bee5e10
00007ff8`3bee5e10  "RtlUnregisterFeatureConfiguratio"
00007ff8`3bee5e30  "nChangeNotification"
RetAddr               : Args to Child                                                           : Call Site
00007ff8`3beba38d     : 00007ff8`3beb27e0 00000000`00000000 0000020f`f5131130 0000020f`f5131160 : KERNELBASE!GetProcAddress
00007ff8`3beb4c1d     : 0000020f`f5000000 00000000`00000000 0000020f`f5133b40 0000020f`f5131160 : dxcore!wil_details_RtlUnregisterFeatureConfigurationChangeNotification+0x21
00007ff8`3beb4d7c     : 00007ff8`3bef2090 0000020f`f5131160 0000020f`f5131130 00007ff8`3f13cea6 : dxcore!wil::details::unique_storage<wil::details::resource_policy<void * __ptr64,void (__cdecl*)(void * __ptr64),&wil::details::UnregisterWilFeatureConfigurationChange,wistd::integral_constant<unsigned __int64,0>,void * __ptr64,void * __ptr64,0,std::nullptr_t> >::~unique_storage<wil::details::resource_policy<void * __ptr64,void (__cdecl*)(void * __ptr64),&wil::details::UnregisterWilFeatureConfigurationChange,wistd::integral_constant<unsigned __int64,0>,void * __ptr64,void * __ptr64,0,std::nullptr_t> >+0x11
00007ff8`3bee23ee     : 0000020f`f5131148 0000020f`f5131160 ffffffff`fffffffe 00000000`00000000 : dxcore!wil::details::FeatureStateManager::~FeatureStateManager+0x68
00007ff8`3f13bc75     : 0000020f`f5131160 00007ff8`3f2288c0 00000000`00000001 00007ff8`3f104375 : dxcore!wil::details::`dynamic atexit destructor for 'g_featureStateManager''+0x2e
[GBRESOLVE] func=kernelbase!GetProcAddress
rcx=00007ff841a40000
rdx=00007ff83e7338b8
00007ff8`3e7338b8  "RtlDllShutdownInProgress"
RetAddr               : Args to Child                                                           : Call Site
00007ff8`3e726f90     : 00000000`00000000 00007ff8`3e6f0000 00000000`00000000 00000000`00000000 : KERNELBASE!GetProcAddress
00007ff8`3e7261c5     : 00000000`f512ef30 00007ff8`3e706229 00000000`00000000 00000000`00000000 : cfgmgr32!wil::details::RtlDllShutdownInProgress+0x20
00007ff8`3e72de69     : 00000000`00000000 00007ff8`3e7062bd 00000000`00000000 00007ff8`3e6f0000 : cfgmgr32!wil::ProcessShutdownInProgress+0x21
00007ff8`3e716183     : 00000000`00000000 00000000`00000000 00000000`00000000 00000000`00000000 : cfgmgr32!wil::details::`dynamic atexit destructor for 'g_featureStateManager''+0x9
00007ff8`3e71630d     : 00000000`00000001 0000002a`3abdee20 00000000`00000018 0000020f`f512c1a0 : cfgmgr32!CRT_INIT+0x87
[GBRESOLVE] func=kernelbase!GetProcAddress
rcx=00007ff83eb70000
rdx=00007ff83f1fba10
00007ff8`3f1fba10  "FlsGetValue"
RetAddr               : Args to Child                                                           : Call Site
00007ff8`3f1a31a5     : 00000000`00000040 0000020f`f5114f60 00007ff8`3f105e00 00007ff8`3f105cbd : KERNELBASE!GetProcAddress
00007ff8`3f1a327f     : 00000000`00000001 0000002a`3abde530 00000000`00000000 00000000`00000000 : ucrtbase!try_get_function+0x13d
00007ff8`3f1a2b1a     : 00000000`00000000 0000002a`3abde401 00000000`00000000 00007ff8`3f24aafa : ucrtbase!_vcrt_FlsGetValue+0x27
00007ff8`3f1a2779     : 0000002a`3abde3f0 00000000`00000002 00000000`00000002 00007ff8`3f249802 : ucrtbase!_vcrt_getptd_noinit+0x2a
00007ff8`3bf229b0     : 0000002a`3abde530 0000002a`3abde480 00000000`00000002 00000000`00000000 : ucrtbase!_uncaught_exception+0x9
[GBRESOLVE] func=kernelbase!GetProcAddress
rcx=00007ff66ede0000
rdx=00007ff81de171c8
00007ff8`1de171c8  "D3D12SDKVersion"
RetAddr               : Args to Child                                                           : Call Site
00007ff8`1de08219     : 00000000`00000001 0000002a`3abdf9f0 0000002a`3abdf550 00007ff8`1de16bc0 : KERNELBASE!GetProcAddress
00007ff8`1de0b266     : 00000000`00000001 0000002a`3abdf9f0 0000002a`3abdf550 00000000`00000001 : d3d12!CModule::DllMain+0xcd
00007ff8`41ba0cee     : 00007ff8`1de00000 0000020f`00000001 0000002a`3abdf9f0 00000000`7ffe0385 : d3d12!dllmain_dispatch+0x8e
00007ff8`41ab29fe     : 00000000`00000000 00000000`00000000 00000000`00000000 00000000`00000000 : ntdll!LdrpCallInitRoutineInternal+0x22
00007ff8`41ab196c     : 0000020f`f5117840 00007ff8`1de00000 00000000`00000001 00007ff8`3c0dd780 : ntdll!LdrpCallInitRoutine+0x10e
[GBRESOLVE] func=kernelbase!GetProcAddress
rcx=00007ff83eb70000
rdx=00007ff83fd6bc28
00007ff8`3fd6bc28  "SleepConditionVariableCS"
RetAddr               : Args to Child                                                           : Call Site
00007ff8`3fcfea26     : 00007ff8`3eb70000 0000002a`3abdf9f0 029c6fbf`00000001 9c002400`00000000 : KERNELBASE!GetProcAddress
00007ff8`3f1632b2     : 00007ff8`3fd649b0 00000000`7ffe0385 0000002a`3abdf9f0 00000000`7ffe0384 : OLEAUT32!__scrt_initialize_thread_safe_statics+0x56
00007ff8`3fcfe012     : 00000000`7ffe0300 0000002a`3abdf550 0000002a`3abdf9f0 00000000`00000001 : ucrtbase!initterm_e+0x92
00007ff8`3fcfe1ab     : 00000000`7ffe0385 0000002a`3abdf9f0 0000020f`f5118700 00000000`00000001 : OLEAUT32!dllmain_crt_process_attach+0x7a
00007ff8`41ba0cee     : 00007ff8`3fcb0000 0000020f`00000001 0000002a`3abdf9f0 00000000`7ffe0385 : OLEAUT32!dllmain_dispatch+0x73
[GBRESOLVE] func=kernelbase!GetProcAddress
rcx=00007ff83eb70000
rdx=00007ff83fd6bc48
00007ff8`3fd6bc48  "WakeAllConditionVariable"
RetAddr               : Args to Child                                                           : Call Site
00007ff8`3fcfea39     : 00007ff8`3f163370 00007ff8`3ec48160 029c6fbf`00000001 9c002400`00000000 : KERNELBASE!GetProcAddress
00007ff8`3f1632b2     : 00007ff8`3fd649b0 00000000`7ffe0385 0000002a`3abdf9f0 00000000`7ffe0384 : OLEAUT32!__scrt_initialize_thread_safe_statics+0x69
00007ff8`3fcfe012     : 00000000`7ffe0300 0000002a`3abdf550 0000002a`3abdf9f0 00000000`00000001 : ucrtbase!initterm_e+0x92
00007ff8`3fcfe1ab     : 00000000`7ffe0385 0000002a`3abdf9f0 0000020f`f5118700 00000000`00000001 : OLEAUT32!dllmain_crt_process_attach+0x7a
00007ff8`41ba0cee     : 00007ff8`3fcb0000 0000020f`00000001 0000002a`3abdf9f0 00000000`7ffe0385 : OLEAUT32!dllmain_dispatch+0x73
[GBRESOLVE] func=kernelbase!GetProcAddress
rcx=00007ff841a40000
rdx=00007ff840276258
00007ff8`40276258  "RtlRegisterFeatureConfigurationC"
00007ff8`40276278  "hangeNotification"
RetAddr               : Args to Child                                                           : Call Site
00007ff8`4012a9e4     : 00000000`00000000 00000000`00000000 00000000`00000000 00000000`00000000 : KERNELBASE!GetProcAddress
00007ff8`4006b959     : 00007ff8`402d47b8 00007ff8`402d58d8 00000000`00000000 00000000`00000000 : combase!wil_details_RtlRegisterFeatureConfigurationChangeNotification+0x30
(Inline Function)     : --------`-------- --------`-------- --------`-------- --------`-------- : combase!wil::details::FeatureStateManager::EnsureSubscribedToStateChangesUnderLock+0x19
(Inline Function)     : --------`-------- --------`-------- --------`-------- --------`-------- : combase!wil::details::FeatureStateManager::EnsureSubscribedToStateChangesUnderLock+0x20
00007ff8`400ea222     : 00007ff8`402d58c0 0000002a`3abdfa70 00007ff8`402d58d8 00007ff8`402d58b8 : combase!wil::details::FeatureStateManager::SubscribeToEnabledStateChanges+0x61
[GBRESOLVE] func=kernelbase!GetProcAddress
rcx=00007ff841a40000
rdx=00007ff840269f28
00007ff8`40269f28  "RtlDisownModuleHeapAllocation"
RetAddr               : Args to Child                                                           : Call Site
00007ff8`4006367b     : 00007ff8`41a40000 00000000`00000040 0000020f`f5000000 00000000`00000000 : KERNELBASE!GetProcAddress
00007ff8`4006b87a     : 00007ff8`402d4828 00007ff8`402d4830 00007ff8`402d47b8 0000020f`f511b670 : combase!wil::details::ProcessHeapAlloc+0x77
00007ff8`4006b75d     : 00000000`402d4700 00007ff8`402d4828 00007ff8`402d4830 00007ff8`402d58d8 : combase!wil::details_abi::heap_buffer::reserve+0x42
(Inline Function)     : --------`-------- --------`-------- --------`-------- --------`-------- : combase!wil::details_abi::heap_buffer::ensure+0x32
00007ff8`4006b298     : 00007ff8`402d4828 00007ff8`402d58b8 00007ff8`402d58d8 00007ff8`402d58d8 : combase!wil::details_abi::heap_buffer::push_back+0x51
[GBRESOLVE] func=kernelbase!GetProcAddress
rcx=00007ff841a40000
rdx=00007ff840276238
00007ff8`40276238  "RtlQueryFeatureConfiguration"
RetAddr               : Args to Child                                                           : Call Site
00007ff8`4011fbce     : 00000000`00000000 0000020f`f5000000 00000000`00000000 00007ff8`4006367b : KERNELBASE!GetProcAddress
00007ff8`4011fb07     : 00000000`00000000 00000000`0313424c 0000002a`3abdf9e0 00007ff8`400af087 : combase!wil_details_RtlQueryFeatureConfiguration+0x36
00007ff8`4006b018     : 00007ff8`402d47b8 0000020f`f511b670 00007ff8`402d6600 00007ff8`4006b784 : combase!wil_RtlStagingConfig_QueryFeatureState+0x4f
(Inline Function)     : --------`-------- --------`-------- --------`-------- --------`-------- : combase!wil_QueryFeatureState+0x27
00007ff8`4006af80     : 0000002a`3abdfaa8 0000002a`3abdfa70 00007ff8`40107880 00007ff8`00000000 : combase!wil::details::IsFeatureConfigured+0x6c
[GBRESOLVE] func=kernelbase!GetProcAddress
rcx=00007ff841a40000
rdx=00007ff8402761f8
00007ff8`402761f8  "RtlDllShutdownInProgress"
RetAddr               : Args to Child                                                           : Call Site
00007ff8`4010e410     : 0000002a`3abdf9f0 00007ff8`40045855 00000000`00000001 00000000`00000000 : KERNELBASE!GetProcAddress
00007ff8`4006b6f5     : 00007ff8`402d6820 00007ff8`400dbdab 00007ff8`402d5908 00007ff8`402d87e0 : combase!wil::details::RtlDllShutdownInProgress+0x20
00007ff8`4006b575     : 00000000`00000006 00000000`00000000 0000002a`3abdfa30 0000002a`3abdf9c0 : combase!wil::ProcessShutdownInProgress+0x21
(Inline Function)     : --------`-------- --------`-------- --------`-------- --------`-------- : combase!wil::details::EnabledStateManager::QueueBackgroundUsageReporting+0x12
(Inline Function)     : --------`-------- --------`-------- --------`-------- --------`-------- : combase!wil::details::RecordFeatureUsageCallback+0x11c
[GBRESOLVE] func=kernelbase!GetProcAddress
rcx=00007ff83eb70000
rdx=00007ff8402762e0
00007ff8`402762e0  "LogStagedFeatureUsage"
RetAddr               : Args to Child                                                           : Call Site
00007ff8`4012a3ef     : 00007ff8`3eb70000 00007ff8`402d58e0 00007ff8`400f93d0 00000000`00000000 : KERNELBASE!GetProcAddress
00007ff8`4012a6e6     : 00000000`00000002 00007ff8`402d47b8 00007ff8`400f93d0 00000000`00000000 : combase!wil_details_GetKernelBaseProcAddress+0x47
00007ff8`4006b651     : 00000000`00000006 00000000`00000000 00000000`00000000 00007ff8`402d83b0 : combase!wil_details_LogStagedFeatureUsage+0x2e
(Inline Function)     : --------`-------- --------`-------- --------`-------- --------`-------- : combase!wil::details::ReportUsageToServiceDirect+0x220
00007ff8`40144ae8     : 00007ff8`402d83a8 00000000`00000000 00000000`00000000 00007ff8`402d83a8 : combase!wil::details::ReportUsageToService+0x281
[GBRESOLVE] func=kernelbase!LoadLibraryExW
00007ff8`411bc5a0  "rpcrt4.dll"
RetAddr               : Args to Child                                                           : Call Site
00007ff8`41130354     : 00000000`00000000 00000000`681a32e7 00004193`92435208 00000000`d81fa686 : KERNELBASE!LoadLibraryExW
00007ff8`41134a3e     : 0000002a`3b1ff660 0000020f`00000000 05000000`00000101 0000020f`00000007 : RPCRT4!PerformRpcInitialization+0x60
00007ff8`41134984     : 00000000`00000000 00000000`00000000 00007ff8`402d6d68 00000000`7ffe03b0 : RPCRT4!I_RpcServerUseProtseqEp2W+0x9e
00007ff8`400482f1     : 00007ff8`00060000 00000000`0000000e 00000000`0000000e 00000000`00000000 : RPCRT4!RpcServerUseProtseqEpW+0x44
00007ff8`40049070     : 00000000`00000000 00000000`00000000 00000000`00000000 00000000`00000000 : combase!RegisterLrpc+0xcd
[GBRESOLVE] func=kernelbase!GetProcAddress
rcx=00007ff83ffa0000
rdx=00007ff84026f970
00007ff8`4026f970  "CLSIDFromOle1Class"
RetAddr               : Args to Child                                                           : Call Site
00007ff8`400b5fc2     : 00007ff8`3ffa0000 00007ff8`400df202 00007ff8`402d7f40 00007ff8`402d7f00 : KERNELBASE!GetProcAddress
00007ff8`4017c8c5     : 00000000`00000000 00000000`00000000 00007ff8`402d7e70 00000000`00000000 : combase!GetRegCatalogObject+0xf2
00007ff8`4001632b     : 00000000`00000000 00007ff8`41a9166f 0000002a`3abdfaf8 0000002a`3abdfb88 : combase!CComCatalog::InitializeCatalogIfNecessary+0x181
(Inline Function)     : --------`-------- --------`-------- --------`-------- --------`-------- : combase!GetCatalogHelper+0xc
00007ff8`4000bd52     : 00000000`00000000 00000000`00000000 00007ff8`0ae4c848 00000000`00000000 : combase!InitializeCatalogIfNecessary+0x2b
[GBRESOLVE] func=kernelbase!LoadLibraryExW
0000020f`f51330c0  "C:\Windows\System32\WinTypes.dll"
0000020f`f5133100  ""
RetAddr               : Args to Child                                                           : Call Site
00007ff8`3ffe4a85     : 0000020f`f5134190 0000020f`f510fc10 0000002a`3abdf4c0 00007ff8`3ffddd61 : KERNELBASE!LoadLibraryExW
00007ff8`3ffe4573     : 00000000`00000000 0000002a`3abdf530 0000020f`f510fc10 0000020f`f51330c0 : combase!LoadLibraryWithLogging+0x2d
(Inline Function)     : --------`-------- --------`-------- --------`-------- --------`-------- : combase!CClassCache::CDllPathEntry::LoadDll::__l4::<lambda_eebf69f5a3250f8786ebc7c3378db176>::operator()+0x15
(Inline Function)     : --------`-------- --------`-------- --------`-------- --------`-------- : combase!DoImmediateCallback+0x1e
(Inline Function)     : --------`-------- --------`-------- --------`-------- --------`-------- : combase!CClassCache::CDllPathEntry::LoadDll+0x2e
ModLoad: 00007ff8`3f2f0000 00007ff8`3f463000   C:\WINDOWS\System32\WinTypes.dll
[GBRESOLVE] func=kernelbase!GetProcAddress
rcx=00007ff83f2f0000
rdx=00007ff8402637d0
00007ff8`402637d0  "DllGetClassObject"
RetAddr               : Args to Child                                                           : Call Site
00007ff8`3ffe458f     : 00000000`00000000 0000002a`3abdf530 0000020f`f510fc10 0000020f`f51330c0 : KERNELBASE!GetProcAddress
(Inline Function)     : --------`-------- --------`-------- --------`-------- --------`-------- : combase!CClassCache::CDllPathEntry::LoadDll+0x4a
00007ff8`4000da58     : 00000000`00000000 00000000`00000000 0000002a`3abdf600 00000000`00000000 : combase!CClassCache::CDllPathEntry::Create+0x8b
(Inline Function)     : --------`-------- --------`-------- --------`-------- --------`-------- : combase!CClassCache::GetOrLoadDllPathEntryForWinrt+0x63b
00007ff8`4000bf61     : 00000000`00000000 00000000`00000004 00000000`00000000 00000000`00000200 : combase!CClassCache::GetOrLoadWinRTInprocClass+0x718
[GBRESOLVE] func=kernelbase!GetProcAddress
rcx=00007ff83f2f0000
rdx=00007ff8402637e8
00007ff8`402637e8  "DllGetActivationFactory"
RetAddr               : Args to Child                                                           : Call Site
00007ff8`3ffe45a9     : 0000002a`3abdf530 00007ff8`3f3213b0 0000020f`f510fc10 0000020f`f51330c0 : KERNELBASE!GetProcAddress
(Inline Function)     : --------`-------- --------`-------- --------`-------- --------`-------- : combase!CClassCache::CDllPathEntry::LoadDll+0x64
00007ff8`4000da58     : 00000000`00000000 00000000`00000000 0000002a`3abdf600 00000000`00000000 : combase!CClassCache::CDllPathEntry::Create+0xa5
(Inline Function)     : --------`-------- --------`-------- --------`-------- --------`-------- : combase!CClassCache::GetOrLoadDllPathEntryForWinrt+0x63b
00007ff8`4000bf61     : 00000000`00000000 00000000`00000004 00000000`00000000 00000000`00000200 : combase!CClassCache::GetOrLoadWinRTInprocClass+0x718
[GBRESOLVE] func=kernelbase!GetProcAddress
rcx=00007ff83f2f0000
rdx=00007ff840263800
00007ff8`40263800  "DllCanUnloadNow"
RetAddr               : Args to Child                                                           : Call Site
00007ff8`3ffe45cc     : 0000002a`3abdf530 00007ff8`3f32ebc0 0000020f`f510fc10 0000020f`f51330c0 : KERNELBASE!GetProcAddress
(Inline Function)     : --------`-------- --------`-------- --------`-------- --------`-------- : combase!CClassCache::CDllPathEntry::LoadDll+0x87
00007ff8`4000da58     : 00000000`00000000 00000000`00000000 0000002a`3abdf600 00000000`00000000 : combase!CClassCache::CDllPathEntry::Create+0xc8
(Inline Function)     : --------`-------- --------`-------- --------`-------- --------`-------- : combase!CClassCache::GetOrLoadDllPathEntryForWinrt+0x63b
00007ff8`4000bf61     : 00000000`00000000 00000000`00000004 00000000`00000000 00000000`00000200 : combase!CClassCache::GetOrLoadWinRTInprocClass+0x718
[GBRESOLVE] func=kernelbase!LoadLibraryExW
0000020f`f5149680  "C:\Windows\System32\Windows.UI.X"
0000020f`f51496c0  "aml.dll"
RetAddr               : Args to Child                                                           : Call Site
00007ff8`3ffe4a85     : 0000020f`f51342d0 00007ff6`6f6cf4c0 00000000`094b8c4f 00007ff8`3ffddd61 : KERNELBASE!LoadLibraryExW
00007ff8`3ffe4573     : 00000000`00000000 0000002a`3abdf590 0000020f`f514c150 0000020f`f5149680 : combase!LoadLibraryWithLogging+0x2d
(Inline Function)     : --------`-------- --------`-------- --------`-------- --------`-------- : combase!CClassCache::CDllPathEntry::LoadDll::__l4::<lambda_eebf69f5a3250f8786ebc7c3378db176>::operator()+0x15
(Inline Function)     : --------`-------- --------`-------- --------`-------- --------`-------- : combase!DoImmediateCallback+0x1e
(Inline Function)     : --------`-------- --------`-------- --------`-------- --------`-------- : combase!CClassCache::CDllPathEntry::LoadDll+0x2e
ModLoad: 00007ff8`02270000 00007ff8`03380000   C:\Windows\System32\Windows.UI.Xaml.dll
[GBRESOLVE] func=kernelbase!GetProcAddress
rcx=00007ff83eb70000
rdx=00007ff80319def8
00007ff8`0319def8  "SleepConditionVariableCS"
RetAddr               : Args to Child                                                           : Call Site
00007ff8`0298cad6     : 00007ff8`3eb70000 00000000`00000000 029c6fbf`00000001 9c002400`00000000 : KERNELBASE!GetProcAddress
(Inline Function)     : --------`-------- --------`-------- --------`-------- --------`-------- : Windows_UI_Xaml!__scrt_initialize_thread_safe_statics_platform_specific+0x4c
00007ff8`3f1632b2     : 00007ff8`030f8828 00000000`7ffe0385 00000000`00000000 00007ff8`41ab29fe : Windows_UI_Xaml!__scrt_initialize_thread_safe_statics+0x56
00007ff8`0298c202     : 00000000`7ffe0300 0000002a`3abdf1f0 00000000`00000000 00000000`00000001 : ucrtbase!initterm_e+0x92
00007ff8`0298c39b     : 00000000`7ffe0385 00000000`00000000 00000000`00000000 00000000`00000001 : Windows_UI_Xaml!dllmain_crt_process_attach+0x7a
[GBRESOLVE] func=kernelbase!GetProcAddress
rcx=00007ff83eb70000
rdx=00007ff80319df18
00007ff8`0319df18  "WakeAllConditionVariable"
RetAddr               : Args to Child                                                           : Call Site
00007ff8`0298cae9     : 00007ff8`3f163370 00007ff8`3ec48160 029c6fbf`00000001 9c002400`00000000 : KERNELBASE!GetProcAddress
(Inline Function)     : --------`-------- --------`-------- --------`-------- --------`-------- : Windows_UI_Xaml!__scrt_initialize_thread_safe_statics_platform_specific+0x5f
00007ff8`3f1632b2     : 00007ff8`030f8828 00000000`7ffe0385 00000000`00000000 00007ff8`41ab29fe : Windows_UI_Xaml!__scrt_initialize_thread_safe_statics+0x69
00007ff8`0298c202     : 00000000`7ffe0300 0000002a`3abdf1f0 00000000`00000000 00000000`00000001 : ucrtbase!initterm_e+0x92
00007ff8`0298c39b     : 00000000`7ffe0385 00000000`00000000 00000000`00000000 00000000`00000001 : Windows_UI_Xaml!dllmain_crt_process_attach+0x7a
[GBRESOLVE] func=kernelbase!GetProcAddress
rcx=00007ff840460000
rdx=00007ff803190c80
00007ff8`03190c80  "EventWrite"
RetAddr               : Args to Child                                                           : Call Site
00007ff8`02518ed3     : 00007ff8`40460000 00000000`00000000 00000000`00000000 00000000`00000000 : KERNELBASE!GetProcAddress
(Inline Function)     : --------`-------- --------`-------- --------`-------- --------`-------- : Windows_UI_Xaml!McGenInitTracingSupport+0x6c
(Inline Function)     : --------`-------- --------`-------- --------`-------- --------`-------- : Windows_UI_Xaml!McGenEventTracingRegister+0x7f
00007ff8`027bfed9     : 00000000`00000001 00000000`00000000 00000000`00000001 00000000`00000000 : Windows_UI_Xaml!InitializeDll+0x10b
00007ff8`0298c3b6     : 00000000`7ffe0385 00000000`00000000 00000000`00000000 00000000`00000001 : Windows_UI_Xaml!DllMain+0x39
[GBRESOLVE] func=kernelbase!GetProcAddress
rcx=00007ff840460000
rdx=00007ff803190c90
00007ff8`03190c90  "EventRegister"
RetAddr               : Args to Child                                                           : Call Site
00007ff8`02518ef5     : 0000002a`3abdec90 00007ff8`41a61080 00000000`00000000 00000000`00000000 : KERNELBASE!GetProcAddress
(Inline Function)     : --------`-------- --------`-------- --------`-------- --------`-------- : Windows_UI_Xaml!McGenInitTracingSupport+0x8e
(Inline Function)     : --------`-------- --------`-------- --------`-------- --------`-------- : Windows_UI_Xaml!McGenEventTracingRegister+0xa1
00007ff8`027bfed9     : 00000000`00000001 00000000`00000000 00000000`00000001 00000000`00000000 : Windows_UI_Xaml!InitializeDll+0x12d
00007ff8`0298c3b6     : 00000000`7ffe0385 00000000`00000000 00000000`00000000 00000000`00000001 : Windows_UI_Xaml!DllMain+0x39
[GBRESOLVE] func=kernelbase!GetProcAddress
rcx=00007ff840460000
rdx=00007ff803190ca0
00007ff8`03190ca0  "EventUnregister"
RetAddr               : Args to Child                                                           : Call Site
00007ff8`02518f17     : 0000002a`3abdec90 00007ff8`41a43860 00000000`00000000 00000000`00000000 : KERNELBASE!GetProcAddress
(Inline Function)     : --------`-------- --------`-------- --------`-------- --------`-------- : Windows_UI_Xaml!McGenInitTracingSupport+0xb0
(Inline Function)     : --------`-------- --------`-------- --------`-------- --------`-------- : Windows_UI_Xaml!McGenEventTracingRegister+0xc3
00007ff8`027bfed9     : 00000000`00000001 00000000`00000000 00000000`00000001 00000000`00000000 : Windows_UI_Xaml!InitializeDll+0x14f
00007ff8`0298c3b6     : 00000000`7ffe0385 00000000`00000000 00000000`00000000 00000000`00000001 : Windows_UI_Xaml!DllMain+0x39
[GBRESOLVE] func=kernelbase!GetProcAddress
rcx=00007ff802270000
rdx=00007ff8402637d0
00007ff8`402637d0  "DllGetClassObject"
RetAddr               : Args to Child                                                           : Call Site
00007ff8`3ffe458f     : 00000000`00000000 0000002a`3abdf590 0000020f`f514c150 0000020f`f5149680 : KERNELBASE!GetProcAddress
(Inline Function)     : --------`-------- --------`-------- --------`-------- --------`-------- : combase!CClassCache::CDllPathEntry::LoadDll+0x4a
00007ff8`4000da58     : 00000000`00000000 00000000`00000000 0000002a`3abdf600 0000002a`3abdf600 : combase!CClassCache::CDllPathEntry::Create+0x8b
(Inline Function)     : --------`-------- --------`-------- --------`-------- --------`-------- : combase!CClassCache::GetOrLoadDllPathEntryForWinrt+0x63b
00007ff8`4000bf61     : 00000000`00000000 00000000`00000000 00000000`00000000 0000002a`3abdfb58 : combase!CClassCache::GetOrLoadWinRTInprocClass+0x718
[GBRESOLVE] func=kernelbase!GetProcAddress
rcx=00007ff802270000
rdx=00007ff8402637e8
00007ff8`402637e8  "DllGetActivationFactory"
RetAddr               : Args to Child                                                           : Call Site
00007ff8`3ffe45a9     : 0000002a`3abdf590 00000000`00000000 0000020f`f514c150 0000020f`f5149680 : KERNELBASE!GetProcAddress
(Inline Function)     : --------`-------- --------`-------- --------`-------- --------`-------- : combase!CClassCache::CDllPathEntry::LoadDll+0x64
00007ff8`4000da58     : 00000000`00000000 00000000`00000000 0000002a`3abdf600 0000002a`3abdf600 : combase!CClassCache::CDllPathEntry::Create+0xa5
(Inline Function)     : --------`-------- --------`-------- --------`-------- --------`-------- : combase!CClassCache::GetOrLoadDllPathEntryForWinrt+0x63b
00007ff8`4000bf61     : 00000000`00000000 00000000`00000000 00000000`00000000 0000002a`3abdfb58 : combase!CClassCache::GetOrLoadWinRTInprocClass+0x718
[GBRESOLVE] func=kernelbase!GetProcAddress
rcx=00007ff802270000
rdx=00007ff840263800
00007ff8`40263800  "DllCanUnloadNow"
RetAddr               : Args to Child                                                           : Call Site
00007ff8`3ffe45cc     : 0000002a`3abdf590 00007ff8`02572050 0000020f`f514c150 0000020f`f5149680 : KERNELBASE!GetProcAddress
(Inline Function)     : --------`-------- --------`-------- --------`-------- --------`-------- : combase!CClassCache::CDllPathEntry::LoadDll+0x87
00007ff8`4000da58     : 00000000`00000000 00000000`00000000 0000002a`3abdf600 0000002a`3abdf600 : combase!CClassCache::CDllPathEntry::Create+0xc8
(Inline Function)     : --------`-------- --------`-------- --------`-------- --------`-------- : combase!CClassCache::GetOrLoadDllPathEntryForWinrt+0x63b
00007ff8`4000bf61     : 00000000`00000000 00000000`00000000 00000000`00000000 0000002a`3abdfb58 : combase!CClassCache::GetOrLoadWinRTInprocClass+0x718
ModLoad: 00007ff8`23910000 00007ff8`23bda000   C:\WINDOWS\SYSTEM32\iertutil.dll
ModLoad: 00007ff8`237d0000 00007ff8`237f9000   C:\WINDOWS\SYSTEM32\srvcli.dll
ModLoad: 00007ff8`3d2f0000 00007ff8`3d2fd000   C:\WINDOWS\SYSTEM32\netutils.dll
[GBRESOLVE] func=kernelbase!GetProcAddress
rcx=00007ff841a40000
rdx=00007ff823b136d0
00007ff8`23b136d0  "RtlIsMultiSessionSku"
RetAddr               : Args to Child                                                           : Call Site
00007ff8`23911e18     : 00007ff8`41a40000 0000020f`f5503e70 0000020f`f5503e90 00007ff8`41a79e45 : KERNELBASE!GetProcAddress
00007ff8`414de6b2     : 00007ff8`23a72138 00007ff8`23a72200 00000000`00000000 00000000`00000000 : iertutil!`dynamic initializer for 'c_deviceFamilyInfo''+0x48
00007ff8`23965d2e     : 00000000`00000000 00007ff8`41c15190 00000000`00000000 00007ff8`3f105da3 : msvcrt!initterm+0x22
00007ff8`23965ea2     : 00000000`00000001 0000002a`3abdeae0 00007ff8`23910000 00000000`00000001 : iertutil!CRT_INIT+0x1c2
00007ff8`41ba0cee     : 00007ff8`23910000 0000020f`00000001 00000000`00000000 00000000`00000000 : iertutil!__DllMainCRTStartup+0xae
[GBRESOLVE] func=kernelbase!LoadLibraryExW
0000020f`f5155300  "C:\Windows\System32\Windows.Web."
0000020f`f5155340  "dll"
RetAddr               : Args to Child                                                           : Call Site
00007ff8`3ffe4a85     : 0000020f`f51511e0 00007ff6`6f6dfe88 00000000`3ae8211d 00007ff8`3ffddd61 : KERNELBASE!LoadLibraryExW
00007ff8`3ffe4573     : 00000000`00000000 0000002a`3abdf720 0000020f`f514c930 0000020f`f5155300 : combase!LoadLibraryWithLogging+0x2d
(Inline Function)     : --------`-------- --------`-------- --------`-------- --------`-------- : combase!CClassCache::CDllPathEntry::LoadDll::__l4::<lambda_eebf69f5a3250f8786ebc7c3378db176>::operator()+0x15
(Inline Function)     : --------`-------- --------`-------- --------`-------- --------`-------- : combase!DoImmediateCallback+0x1e
(Inline Function)     : --------`-------- --------`-------- --------`-------- --------`-------- : combase!CClassCache::CDllPathEntry::LoadDll+0x2e
ModLoad: 00007ff8`0a820000 00007ff8`0a8bb000   C:\Windows\System32\Windows.Web.dll
[GBRESOLVE] func=kernelbase!GetProcAddress
rcx=00007ff80a820000
rdx=00007ff8402637d0
00007ff8`402637d0  "DllGetClassObject"
RetAddr               : Args to Child                                                           : Call Site
00007ff8`3ffe458f     : 00000000`00000000 0000002a`3abdf720 0000020f`f514c930 0000020f`f5155300 : KERNELBASE!GetProcAddress
(Inline Function)     : --------`-------- --------`-------- --------`-------- --------`-------- : combase!CClassCache::CDllPathEntry::LoadDll+0x4a
00007ff8`4000da58     : 00000000`00000000 00000000`00000000 0000002a`3abdf800 0000002a`3abdf700 : combase!CClassCache::CDllPathEntry::Create+0x8b
(Inline Function)     : --------`-------- --------`-------- --------`-------- --------`-------- : combase!CClassCache::GetOrLoadDllPathEntryForWinrt+0x63b
00007ff8`4000bf61     : 00000000`00000000 00000000`00000000 00000000`00000000 0000002a`3abdfda8 : combase!CClassCache::GetOrLoadWinRTInprocClass+0x718
[GBRESOLVE] func=kernelbase!GetProcAddress
rcx=00007ff80a820000
rdx=00007ff8402637e8
00007ff8`402637e8  "DllGetActivationFactory"
RetAddr               : Args to Child                                                           : Call Site
00007ff8`3ffe45a9     : 0000002a`3abdf720 00007ff8`0a867440 0000020f`f514c930 0000020f`f5155300 : KERNELBASE!GetProcAddress
(Inline Function)     : --------`-------- --------`-------- --------`-------- --------`-------- : combase!CClassCache::CDllPathEntry::LoadDll+0x64
00007ff8`4000da58     : 00000000`00000000 00000000`00000000 0000002a`3abdf800 0000002a`3abdf700 : combase!CClassCache::CDllPathEntry::Create+0xa5
(Inline Function)     : --------`-------- --------`-------- --------`-------- --------`-------- : combase!CClassCache::GetOrLoadDllPathEntryForWinrt+0x63b
00007ff8`4000bf61     : 00000000`00000000 00000000`00000000 00000000`00000000 0000002a`3abdfda8 : combase!CClassCache::GetOrLoadWinRTInprocClass+0x718
[GBRESOLVE] func=kernelbase!GetProcAddress
rcx=00007ff80a820000
rdx=00007ff840263800
00007ff8`40263800  "DllCanUnloadNow"
RetAddr               : Args to Child                                                           : Call Site
00007ff8`3ffe45cc     : 0000002a`3abdf720 00007ff8`0a832e50 0000020f`f514c930 0000020f`f5155300 : KERNELBASE!GetProcAddress
(Inline Function)     : --------`-------- --------`-------- --------`-------- --------`-------- : combase!CClassCache::CDllPathEntry::LoadDll+0x87
00007ff8`4000da58     : 00000000`00000000 00000000`00000000 0000002a`3abdf800 0000002a`3abdf700 : combase!CClassCache::CDllPathEntry::Create+0xc8
(Inline Function)     : --------`-------- --------`-------- --------`-------- --------`-------- : combase!CClassCache::GetOrLoadDllPathEntryForWinrt+0x63b
00007ff8`4000bf61     : 00000000`00000000 00000000`00000000 00000000`00000000 0000002a`3abdfda8 : combase!CClassCache::GetOrLoadWinRTInprocClass+0x718
[GBRESOLVE] func=kernelbase!LoadLibraryExW
0000020f`f51557e0  "C:\Windows\System32\wintypes.dll"
0000020f`f5155820  ""
RetAddr               : Args to Child                                                           : Call Site
00007ff8`3ffe4a85     : 0000020f`f5150600 00007ff8`0a895190 00000000`8a7e469e 00007ff8`3ffddd61 : KERNELBASE!LoadLibraryExW
00007ff8`3ffe4573     : 00000000`00000000 0000002a`3abdf5f0 0000020f`f514c310 0000020f`f51557e0 : combase!LoadLibraryWithLogging+0x2d
(Inline Function)     : --------`-------- --------`-------- --------`-------- --------`-------- : combase!CClassCache::CDllPathEntry::LoadDll::__l4::<lambda_eebf69f5a3250f8786ebc7c3378db176>::operator()+0x15
(Inline Function)     : --------`-------- --------`-------- --------`-------- --------`-------- : combase!DoImmediateCallback+0x1e
(Inline Function)     : --------`-------- --------`-------- --------`-------- --------`-------- : combase!CClassCache::CDllPathEntry::LoadDll+0x2e
[GBRESOLVE] func=kernelbase!GetProcAddress
rcx=00007ff83f2f0000
rdx=00007ff8402637d0
00007ff8`402637d0  "DllGetClassObject"
RetAddr               : Args to Child                                                           : Call Site
00007ff8`3ffe458f     : 00000000`00000000 0000002a`3abdf5f0 0000020f`f514c310 0000020f`f51557e0 : KERNELBASE!GetProcAddress
(Inline Function)     : --------`-------- --------`-------- --------`-------- --------`-------- : combase!CClassCache::CDllPathEntry::LoadDll+0x4a
00007ff8`4000da58     : 00000000`00000000 00000000`00000000 0000002a`3abdf600 0000002a`3abdf600 : combase!CClassCache::CDllPathEntry::Create+0x8b
(Inline Function)     : --------`-------- --------`-------- --------`-------- --------`-------- : combase!CClassCache::GetOrLoadDllPathEntryForWinrt+0x63b
00007ff8`4000bf61     : 00000000`00000000 00000000`00000000 00000000`00000000 0000002a`3abdfb98 : combase!CClassCache::GetOrLoadWinRTInprocClass+0x718
[GBRESOLVE] func=kernelbase!GetProcAddress
rcx=00007ff83f2f0000
rdx=00007ff8402637e8
00007ff8`402637e8  "DllGetActivationFactory"
RetAddr               : Args to Child                                                           : Call Site
00007ff8`3ffe45a9     : 0000002a`3abdf5f0 00007ff8`3f3213b0 0000020f`f514c310 0000020f`f51557e0 : KERNELBASE!GetProcAddress
(Inline Function)     : --------`-------- --------`-------- --------`-------- --------`-------- : combase!CClassCache::CDllPathEntry::LoadDll+0x64
00007ff8`4000da58     : 00000000`00000000 00000000`00000000 0000002a`3abdf600 0000002a`3abdf600 : combase!CClassCache::CDllPathEntry::Create+0xa5
(Inline Function)     : --------`-------- --------`-------- --------`-------- --------`-------- : combase!CClassCache::GetOrLoadDllPathEntryForWinrt+0x63b
00007ff8`4000bf61     : 00000000`00000000 00000000`00000000 00000000`00000000 0000002a`3abdfb98 : combase!CClassCache::GetOrLoadWinRTInprocClass+0x718
[GBRESOLVE] func=kernelbase!GetProcAddress
rcx=00007ff83f2f0000
rdx=00007ff840263800
00007ff8`40263800  "DllCanUnloadNow"
RetAddr               : Args to Child                                                           : Call Site
00007ff8`3ffe45cc     : 0000002a`3abdf5f0 00007ff8`3f32ebc0 0000020f`f514c310 0000020f`f51557e0 : KERNELBASE!GetProcAddress
(Inline Function)     : --------`-------- --------`-------- --------`-------- --------`-------- : combase!CClassCache::CDllPathEntry::LoadDll+0x87
00007ff8`4000da58     : 00000000`00000000 00000000`00000000 0000002a`3abdf600 0000002a`3abdf600 : combase!CClassCache::CDllPathEntry::Create+0xc8
(Inline Function)     : --------`-------- --------`-------- --------`-------- --------`-------- : combase!CClassCache::GetOrLoadDllPathEntryForWinrt+0x63b
00007ff8`4000bf61     : 00000000`00000000 00000000`00000000 00000000`00000000 0000002a`3abdfb98 : combase!CClassCache::GetOrLoadWinRTInprocClass+0x718
[GBRESOLVE] func=kernelbase!LoadLibraryExW
0000020f`f51555a0  "C:\Windows\System32\MrmCoreR.dll"
0000020f`f51555e0  ""
RetAddr               : Args to Child                                                           : Call Site
00007ff8`3ffe4a85     : 0000020f`f5151280 00007ff6`6f718640 00000000`bd50c77d 00007ff8`3ffddd61 : KERNELBASE!LoadLibraryExW
00007ff8`3ffe4573     : 00000000`00000000 0000002a`3abdf480 0000020f`f514c5b0 0000020f`f51555a0 : combase!LoadLibraryWithLogging+0x2d
(Inline Function)     : --------`-------- --------`-------- --------`-------- --------`-------- : combase!CClassCache::CDllPathEntry::LoadDll::__l4::<lambda_eebf69f5a3250f8786ebc7c3378db176>::operator()+0x15
(Inline Function)     : --------`-------- --------`-------- --------`-------- --------`-------- : combase!DoImmediateCallback+0x1e
(Inline Function)     : --------`-------- --------`-------- --------`-------- --------`-------- : combase!CClassCache::CDllPathEntry::LoadDll+0x2e
ModLoad: 00007ff8`23fd0000 00007ff8`240ef000   C:\Windows\System32\MrmCoreR.dll
ModLoad: 00007ff8`3fbb0000 00007ff8`3fca5000   C:\WINDOWS\System32\shcore.dll
[GBRESOLVE] func=kernelbase!GetProcAddress
rcx=00007ff83eb70000
rdx=00007ff8240be988
00007ff8`240be988  "SleepConditionVariableCS"
RetAddr               : Args to Child                                                           : Call Site
00007ff8`240486c6     : 00007ff8`3eb70000 00000000`00000000 029c6fbf`00000001 9c002400`00000000 : KERNELBASE!GetProcAddress
00007ff8`3f1632b2     : 00007ff8`240b7a50 00000000`7ffe0385 00000000`00000000 00007ff8`41a4c8ae : MrmCoreR!__scrt_initialize_thread_safe_statics+0x56
00007ff8`24045c12     : 00000000`7ffe0300 0000002a`3abdf0e0 00000000`00000000 00000000`00000001 : ucrtbase!initterm_e+0x92
00007ff8`24045dab     : 00000000`7ffe0385 00000000`00000000 00000000`00000000 00000000`00000001 : MrmCoreR!dllmain_crt_process_attach+0x7a
00007ff8`41ba0cee     : 00007ff8`23fd0000 0000020f`00000001 00000000`00000000 00000000`7ffe0385 : MrmCoreR!dllmain_dispatch+0x73
[GBRESOLVE] func=kernelbase!GetProcAddress
rcx=00007ff83eb70000
rdx=00007ff8240be9a8
00007ff8`240be9a8  "WakeAllConditionVariable"
RetAddr               : Args to Child                                                           : Call Site
00007ff8`240486d9     : 00007ff8`3f163370 00007ff8`3ec48160 029c6fbf`00000001 9c002400`00000000 : KERNELBASE!GetProcAddress
00007ff8`3f1632b2     : 00007ff8`240b7a50 00000000`7ffe0385 00000000`00000000 00007ff8`41a4c8ae : MrmCoreR!__scrt_initialize_thread_safe_statics+0x69
00007ff8`24045c12     : 00000000`7ffe0300 0000002a`3abdf0e0 00000000`00000000 00000000`00000001 : ucrtbase!initterm_e+0x92
00007ff8`24045dab     : 00000000`7ffe0385 00000000`00000000 00000000`00000000 00000000`00000001 : MrmCoreR!dllmain_crt_process_attach+0x7a
00007ff8`41ba0cee     : 00007ff8`23fd0000 0000020f`00000001 00000000`00000000 00000000`7ffe0385 : MrmCoreR!dllmain_dispatch+0x73
[GBRESOLVE] func=kernelbase!GetProcAddress
rcx=00007ff823fd0000
rdx=00007ff8402637d0
00007ff8`402637d0  "DllGetClassObject"
RetAddr               : Args to Child                                                           : Call Site
00007ff8`3ffe458f     : 00000000`00000000 0000002a`3abdf480 0000020f`f514c5b0 0000020f`f51555a0 : KERNELBASE!GetProcAddress
(Inline Function)     : --------`-------- --------`-------- --------`-------- --------`-------- : combase!CClassCache::CDllPathEntry::LoadDll+0x4a
00007ff8`4000da58     : 00000000`00000000 00000000`00000000 0000002a`3abdf500 0000002a`3abdf500 : combase!CClassCache::CDllPathEntry::Create+0x8b
(Inline Function)     : --------`-------- --------`-------- --------`-------- --------`-------- : combase!CClassCache::GetOrLoadDllPathEntryForWinrt+0x63b
00007ff8`4000bf61     : 00000000`00000000 00000000`00000000 00000000`00000000 0000002a`3abdfa48 : combase!CClassCache::GetOrLoadWinRTInprocClass+0x718
[GBRESOLVE] func=kernelbase!GetProcAddress
rcx=00007ff823fd0000
rdx=00007ff8402637e8
00007ff8`402637e8  "DllGetActivationFactory"
RetAddr               : Args to Child                                                           : Call Site
00007ff8`3ffe45a9     : 0000002a`3abdf480 00007ff8`24023910 0000020f`f514c5b0 0000020f`f51555a0 : KERNELBASE!GetProcAddress
(Inline Function)     : --------`-------- --------`-------- --------`-------- --------`-------- : combase!CClassCache::CDllPathEntry::LoadDll+0x64
00007ff8`4000da58     : 00000000`00000000 00000000`00000000 0000002a`3abdf500 0000002a`3abdf500 : combase!CClassCache::CDllPathEntry::Create+0xa5
(Inline Function)     : --------`-------- --------`-------- --------`-------- --------`-------- : combase!CClassCache::GetOrLoadDllPathEntryForWinrt+0x63b
00007ff8`4000bf61     : 00000000`00000000 00000000`00000000 00000000`00000000 0000002a`3abdfa48 : combase!CClassCache::GetOrLoadWinRTInprocClass+0x718
[GBRESOLVE] func=kernelbase!GetProcAddress
rcx=00007ff823fd0000
rdx=00007ff840263800
00007ff8`40263800  "DllCanUnloadNow"
RetAddr               : Args to Child                                                           : Call Site
00007ff8`3ffe45cc     : 0000002a`3abdf480 00007ff8`24023990 0000020f`f514c5b0 0000020f`f51555a0 : KERNELBASE!GetProcAddress
(Inline Function)     : --------`-------- --------`-------- --------`-------- --------`-------- : combase!CClassCache::CDllPathEntry::LoadDll+0x87
00007ff8`4000da58     : 00000000`00000000 00000000`00000000 0000002a`3abdf500 0000002a`3abdf500 : combase!CClassCache::CDllPathEntry::Create+0xc8
(Inline Function)     : --------`-------- --------`-------- --------`-------- --------`-------- : combase!CClassCache::GetOrLoadDllPathEntryForWinrt+0x63b
00007ff8`4000bf61     : 00000000`00000000 00000000`00000000 00000000`00000000 0000002a`3abdfa48 : combase!CClassCache::GetOrLoadWinRTInprocClass+0x718
ModLoad: 00007ff8`26ba0000 00007ff8`26bf0000   C:\WINDOWS\SYSTEM32\windows.staterepositoryclient.dll
ModLoad: 00007ff8`29710000 00007ff8`2972a000   C:\WINDOWS\SYSTEM32\windows.staterepositorycore.dll
ModLoad: 00007ff8`3ea90000 00007ff8`3eab9000   C:\WINDOWS\SYSTEM32\profapi.dll
[GBRESOLVE] func=kernelbase!LoadLibraryExW
00007ff8`240bacc8  "AppxDeploymentClient.dll"
RetAddr               : Args to Child                                                           : Call Site
00007ff8`23fec84a     : 00000000`00000000 00000000`00000000 0000002a`3abdf370 0080804c`00000000 : KERNELBASE!LoadLibraryExW
00007ff8`23fea9f5     : 00000000`00000000 00000000`00000000 00000000`80070057 00000000`00000000 : MrmCoreR!Microsoft::Resources::GetMetadataFolderForPackageFullName+0x3e
00007ff8`23fe5a77     : 0000020f`f514c300 0000020f`f514c3d0 00000000`00000000 00000000`00000000 : MrmCoreR!Microsoft::Resources::WindowsClientProfileBase::GetDefaultPriFileForResourceMapNameWorker+0x1e5
00007ff8`2402a8f2     : 0000002a`3abdf700 0000002a`3abdf770 0000020f`f514c3d0 0000002a`3abdf4e0 : MrmCoreR!Microsoft::Resources::DynamicPackageProfile::GetMainPriFilePathForResourceMapName+0x227
00007ff8`23ffa1b6     : 0000002a`3abdf700 0000002a`3abdf5a0 0000002a`3abdf4e0 00007ff8`41a4ea41 : MrmCoreR!Microsoft::Resources::MetroAppClientProfile::GetMainPriFilePathForResourceMapName+0x22
ModLoad: 00007ff8`38d80000 00007ff8`38eef000   C:\WINDOWS\SYSTEM32\AppxDeploymentClient.dll
[GBRESOLVE] func=kernelbase!GetProcAddress
rcx=00007ff83eb70000
rdx=00007ff838e952d8
00007ff8`38e952d8  "SleepConditionVariableCS"
RetAddr               : Args to Child                                                           : Call Site
00007ff8`38dc2976     : 00007ff8`3eb70000 00000000`00000000 029c6fbf`00000001 9c002400`00000000 : KERNELBASE!GetProcAddress
(Inline Function)     : --------`-------- --------`-------- --------`-------- --------`-------- : AppxDeploymentClient!__scrt_initialize_thread_safe_statics_platform_specific+0x4c
00007ff8`3f1632b2     : 00007ff8`38e8b670 00000000`7ffe0385 00000000`00000000 00007ff8`41aaf51d : AppxDeploymentClient!__scrt_initialize_thread_safe_statics+0x56
00007ff8`38db77a2     : 00000000`7ffe0300 0000002a`3abdeef0 00000000`00000000 00000000`00000001 : ucrtbase!initterm_e+0x92
00007ff8`38db793b     : 00000000`7ffe0385 00000000`00000000 00000000`00000000 00000000`00000001 : AppxDeploymentClient!dllmain_crt_process_attach+0x7a
[GBRESOLVE] func=kernelbase!GetProcAddress
rcx=00007ff83eb70000
rdx=00007ff838e952f8
00007ff8`38e952f8  "WakeAllConditionVariable"
RetAddr               : Args to Child                                                           : Call Site
00007ff8`38dc2989     : 00007ff8`3f163370 00007ff8`3ec48160 029c6fbf`00000001 9c002400`00000000 : KERNELBASE!GetProcAddress
(Inline Function)     : --------`-------- --------`-------- --------`-------- --------`-------- : AppxDeploymentClient!__scrt_initialize_thread_safe_statics_platform_specific+0x5f
00007ff8`3f1632b2     : 00007ff8`38e8b670 00000000`7ffe0385 00000000`00000000 00007ff8`41aaf51d : AppxDeploymentClient!__scrt_initialize_thread_safe_statics+0x69
00007ff8`38db77a2     : 00000000`7ffe0300 0000002a`3abdeef0 00000000`00000000 00000000`00000001 : ucrtbase!initterm_e+0x92
00007ff8`38db793b     : 00000000`7ffe0385 00000000`00000000 00000000`00000000 00000000`00000001 : AppxDeploymentClient!dllmain_crt_process_attach+0x7a
[GBRESOLVE] func=kernelbase!GetProcAddress
rcx=00007ff838d80000
rdx=00007ff8240bad00
00007ff8`240bad00  "GetMetadataRootForPackage"
RetAddr               : Args to Child                                                           : Call Site
00007ff8`23fec873     : 00000000`00000000 00000000`00000000 0000002a`3abdf370 00000000`00000000 : KERNELBASE!GetProcAddress
00007ff8`23fea9f5     : 00000000`00000000 00000000`00000000 00000000`80070057 00000000`00000000 : MrmCoreR!Microsoft::Resources::GetMetadataFolderForPackageFullName+0x67
00007ff8`23fe5a77     : 0000020f`f514c300 0000020f`f514c3d0 00000000`00000000 00000000`00000000 : MrmCoreR!Microsoft::Resources::WindowsClientProfileBase::GetDefaultPriFileForResourceMapNameWorker+0x1e5
00007ff8`2402a8f2     : 0000002a`3abdf700 0000002a`3abdf770 0000020f`f514c3d0 0000002a`3abdf4e0 : MrmCoreR!Microsoft::Resources::DynamicPackageProfile::GetMainPriFilePathForResourceMapName+0x227
00007ff8`23ffa1b6     : 0000002a`3abdf700 0000002a`3abdf5a0 0000002a`3abdf4e0 00007ff8`41a4ea41 : MrmCoreR!Microsoft::Resources::MetroAppClientProfile::GetMainPriFilePathForResourceMapName+0x22
[GBRESOLVE] func=kernelbase!LoadLibraryExW
0000020f`f51480e0  "ext-ms-onecore-appmodel-staterep"
0000020f`f5148120  "ository-cache-l1-1-0.dll"
RetAddr               : Args to Child                                                           : Call Site
00007ff8`3eb84324     : 0000002a`3abdecd0 00007ff8`00000070 00000000`00000001 00000000`00000070 : KERNELBASE!LoadLibraryExW
00007ff8`38d9e3a0     : 00000000`00000000 00000000`00000000 0000002a`3abded70 00000000`00000a38 : KERNELBASE!LoadLibraryExA+0x64
00007ff8`38dbabf0     : 00007ff8`38ecef20 00007ff8`38ee4960 00007ff8`38d80000 00000000`00000000 : AppxDeploymentClient!__delayLoadHelper2+0x3c0
00007ff8`38d884fe     : 00000000`00000000 0000002a`3abdee80 0000002a`3abdf278 00000000`00000000 : AppxDeploymentClient!_tailMerge_ext_ms_onecore_appmodel_staterepository_cache_l1_1_0_dll+0x3f
(Inline Function)     : --------`-------- --------`-------- --------`-------- --------`-------- : AppxDeploymentClient!StateRepository::Cache::Manager_NoThrow::Open+0x2f
[GBRESOLVE] func=kernelbase!GetProcAddress
rcx=00007ff829710000
rdx=00007ff838ed0c88
00007ff8`38ed0c88  "SRCacheManager_Open"
RetAddr               : Args to Child                                                           : Call Site
00007ff8`38d9e335     : 00000000`00000000 00000000`00000000 0000002a`3abded70 00000000`00000a38 : KERNELBASE!GetProcAddress
00007ff8`38dbabf0     : 00007ff8`38ecef20 00007ff8`38ee4960 00007ff8`38d80000 00000000`00000000 : AppxDeploymentClient!__delayLoadHelper2+0x355
00007ff8`38d884fe     : 00000000`00000000 0000002a`3abdee80 0000002a`3abdf278 00000000`00000000 : AppxDeploymentClient!_tailMerge_ext_ms_onecore_appmodel_staterepository_cache_l1_1_0_dll+0x3f
(Inline Function)     : --------`-------- --------`-------- --------`-------- --------`-------- : AppxDeploymentClient!StateRepository::Cache::Manager_NoThrow::Open+0x2f
(Inline Function)     : --------`-------- --------`-------- --------`-------- --------`-------- : AppxDeploymentClient!StateRepository::Cache::Manager_NoThrow::Open+0x2f
[GBRESOLVE] func=kernelbase!GetProcAddress
rcx=00007ff829710000
rdx=00007ff838ed0d84
00007ff8`38ed0d84  "SRCacheContext_Open"
RetAddr               : Args to Child                                                           : Call Site
00007ff8`38d9e335     : 00000000`00001000 00000000`00000000 0000002a`3abdeab0 00000000`00000a38 : KERNELBASE!GetProcAddress
00007ff8`38dbabf0     : 00007ff8`38ecef20 00007ff8`38ee4930 00000000`00000000 00000000`00002000 : AppxDeploymentClient!__delayLoadHelper2+0x355
00007ff8`38d896c6     : 0000020f`f51473c0 00007ff8`38e8e5f0 00000000`00000000 0000002a`3abdeb98 : AppxDeploymentClient!_tailMerge_ext_ms_onecore_appmodel_staterepository_cache_l1_1_0_dll+0x3f
(Inline Function)     : --------`-------- --------`-------- --------`-------- --------`-------- : AppxDeploymentClient!StateRepository::Cache::Context_NoThrow::Open+0x3b
(Inline Function)     : --------`-------- --------`-------- --------`-------- --------`-------- : AppxDeploymentClient!StateRepository::Cache::Context_NoThrow::Open+0x3b
[GBRESOLVE] func=kernelbase!GetProcAddress
rcx=00007ff829710000
rdx=00007ff838ed0d48
00007ff8`38ed0d48  "SRCacheContext_OpenSubContext"
RetAddr               : Args to Child                                                           : Call Site
00007ff8`38d9e335     : 00000000`00001000 00000000`00000000 0000002a`3abdeab0 00000000`00000a38 : KERNELBASE!GetProcAddress
00007ff8`38dbabf0     : 00007ff8`38ecef20 00007ff8`38ee4940 00000000`00000000 0000020f`f51473c0 : AppxDeploymentClient!__delayLoadHelper2+0x355
00007ff8`38d8993d     : 0000020f`f5135be0 0000002a`3abdebb8 00000000`00000000 0000002a`3abdeb98 : AppxDeploymentClient!_tailMerge_ext_ms_onecore_appmodel_staterepository_cache_l1_1_0_dll+0x3f
(Inline Function)     : --------`-------- --------`-------- --------`-------- --------`-------- : AppxDeploymentClient!StateRepository::Cache::Context_NoThrow::OpenSubContext+0x30
(Inline Function)     : --------`-------- --------`-------- --------`-------- --------`-------- : AppxDeploymentClient!StateRepository::Cache::Context_NoThrow::OpenSubContext+0x30
[GBRESOLVE] func=kernelbase!GetProcAddress
rcx=00007ff829710000
rdx=00007ff838ed0d9a
00007ff8`38ed0d9a  "SRCacheContext_EnumerateData"
RetAddr               : Args to Child                                                           : Call Site
00007ff8`38d9e335     : 00000000`00001000 00000000`00000000 0000002a`3abdeab0 00000000`00000a38 : KERNELBASE!GetProcAddress
00007ff8`38dbabf0     : 00007ff8`38ecef20 00007ff8`38ee4928 00000000`00000000 0000020f`f51473c0 : AppxDeploymentClient!__delayLoadHelper2+0x355
00007ff8`38d89a45     : 0000020f`f5135880 00000000`00000000 0000002a`3abdee60 0000002a`3abdebb8 : AppxDeploymentClient!_tailMerge_ext_ms_onecore_appmodel_staterepository_cache_l1_1_0_dll+0x3f
(Inline Function)     : --------`-------- --------`-------- --------`-------- --------`-------- : AppxDeploymentClient!StateRepository::Cache::Context_NoThrow::EnumerateData+0xc
00007ff8`38d8858e     : 00007ff8`38d80000 00000000`00000000 00000000`00000000 00000000`00000000 : AppxDeploymentClient!StateRepository::Cache::Entity::Package_NoThrow::GetByPackageFullName+0x3e5
[GBRESOLVE] func=kernelbase!LoadLibraryExW
0000020f`f5148d40  "ext-ms-onecore-appmodel-staterep"
0000020f`f5148d80  "ository-cache-l1-1-4.dll"
RetAddr               : Args to Child                                                           : Call Site
00007ff8`3eb84324     : 0000002a`3abdea10 00007ff8`00000070 00000000`00000001 00007ff8`00000070 : KERNELBASE!LoadLibraryExW
00007ff8`38d9e3a0     : 00000000`00000000 00000000`00000000 0000002a`3abdeab0 00000000`00000a38 : KERNELBASE!LoadLibraryExA+0x64
00007ff8`38dbacd5     : 00007ff8`38ecef40 00007ff8`38ee4998 00000000`00000000 0000020f`f51473c0 : AppxDeploymentClient!__delayLoadHelper2+0x3c0
00007ff8`38d8999a     : 0000020f`f5135be0 00007ff8`38e8e5f0 00000000`00000276 0000002a`3abdeaf0 : AppxDeploymentClient!_tailMerge_ext_ms_onecore_appmodel_staterepository_cache_l1_1_4_dll+0x3f
(Inline Function)     : --------`-------- --------`-------- --------`-------- --------`-------- : AppxDeploymentClient!StateRepository::Cache::Context_NoThrow::AddToCache+0x13
[GBRESOLVE] func=kernelbase!GetProcAddress
rcx=00007ff829710000
rdx=00007ff838ed0d14
00007ff8`38ed0d14  "SRCacheContext_AddToCache"
RetAddr               : Args to Child                                                           : Call Site
00007ff8`38d9e335     : 00000000`00000000 00000000`00000000 0000002a`3abdeab0 00000000`00000a38 : KERNELBASE!GetProcAddress
00007ff8`38dbacd5     : 00007ff8`38ecef40 00007ff8`38ee4998 00000000`00000000 0000020f`f51473c0 : AppxDeploymentClient!__delayLoadHelper2+0x355
00007ff8`38d8999a     : 0000020f`f5135be0 00007ff8`38e8e5f0 00000000`00000276 0000002a`3abdeaf0 : AppxDeploymentClient!_tailMerge_ext_ms_onecore_appmodel_staterepository_cache_l1_1_4_dll+0x3f
(Inline Function)     : --------`-------- --------`-------- --------`-------- --------`-------- : AppxDeploymentClient!StateRepository::Cache::Context_NoThrow::AddToCache+0x13
00007ff8`38d8858e     : 00007ff8`38d80000 00000000`00000000 00000000`00000000 00000000`00000000 : AppxDeploymentClient!StateRepository::Cache::Entity::Package_NoThrow::GetByPackageFullName+0x33a
[GBRESOLVE] func=kernelbase!GetProcAddress
rcx=00007ff829710000
rdx=00007ff838ed0d30
00007ff8`38ed0d30  "SRCacheContext_Close"
RetAddr               : Args to Child                                                           : Call Site
00007ff8`38d9e335     : 00000000`00001000 00000000`00000000 0000002a`3abdeab0 00000000`00000a38 : KERNELBASE!GetProcAddress
00007ff8`38dbabf0     : 00007ff8`38ecef20 00007ff8`38ee4958 00000000`00000000 00007ff8`38e8e5f0 : AppxDeploymentClient!__delayLoadHelper2+0x355
00007ff8`38d89b0b     : 0000020f`f5135880 00000000`00001540 00000000`00000001 00000000`0000004a : AppxDeploymentClient!_tailMerge_ext_ms_onecore_appmodel_staterepository_cache_l1_1_0_dll+0x3f
(Inline Function)     : --------`-------- --------`-------- --------`-------- --------`-------- : AppxDeploymentClient!StateRepository::Cache::srcache_context_deleter::operator()+0x7
(Inline Function)     : --------`-------- --------`-------- --------`-------- --------`-------- : AppxDeploymentClient!wistd::unique_ptr<SRCacheContext,StateRepository::Cache::srcache_context_deleter>::reset+0x16
[GBRESOLVE] func=kernelbase!GetProcAddress
rcx=00007ff829710000
rdx=00007ff838ed0cd0
00007ff8`38ed0cd0  "SRCacheContext_GetField_UInt32"
RetAddr               : Args to Child                                                           : Call Site
00007ff8`38d9e335     : 00000000`00001000 00000000`00000000 0000002a`3abded10 00000000`00000a38 : KERNELBASE!GetProcAddress
00007ff8`38dbabf0     : 00007ff8`38ecef20 00007ff8`38ee4950 00000000`00000008 00007ff8`00000000 : AppxDeploymentClient!__delayLoadHelper2+0x355
00007ff8`38d8a269     : 0000020f`f5135a00 00007ff8`38e8e630 0000002a`3abdeedc 00000000`00000276 : AppxDeploymentClient!_tailMerge_ext_ms_onecore_appmodel_staterepository_cache_l1_1_0_dll+0x3f
(Inline Function)     : --------`-------- --------`-------- --------`-------- --------`-------- : AppxDeploymentClient!StateRepository::Cache::Context_NoThrow::GetField+0x15
(Inline Function)     : --------`-------- --------`-------- --------`-------- --------`-------- : AppxDeploymentClient!StateRepository::Cache::Context_NoThrow::GetField+0x15
[GBRESOLVE] func=kernelbase!GetProcAddress
rcx=00007ff829710000
rdx=00007ff838ed0c70
00007ff8`38ed0c70  "SRCacheManager_Close"
RetAddr               : Args to Child                                                           : Call Site
00007ff8`38d9e335     : 00000000`00001000 00000000`00000000 0000002a`3abded70 00000000`00000a38 : KERNELBASE!GetProcAddress
00007ff8`38dbabf0     : 00007ff8`38ecef20 00007ff8`38ee4948 00000000`00000000 00000000`7ffffffe : AppxDeploymentClient!__delayLoadHelper2+0x355
00007ff8`38d88a7c     : 0000020f`f51473c0 00000000`00001540 00000000`00000001 00000000`0000004c : AppxDeploymentClient!_tailMerge_ext_ms_onecore_appmodel_staterepository_cache_l1_1_0_dll+0x3f
(Inline Function)     : --------`-------- --------`-------- --------`-------- --------`-------- : AppxDeploymentClient!StateRepository::Cache::srcache_manager_deleter::operator()+0x7
(Inline Function)     : --------`-------- --------`-------- --------`-------- --------`-------- : AppxDeploymentClient!wistd::unique_ptr<SRCacheManager,StateRepository::Cache::srcache_manager_deleter>::reset+0x16
[GBRESOLVE] func=kernelbase!GetProcAddress
rcx=00007ff841a40000
rdx=00007ff838e955b0
00007ff8`38e955b0  "RtlDllShutdownInProgress"
RetAddr               : Args to Child                                                           : Call Site
00007ff8`38dc40d0     : 00000000`00000001 00007ff8`41a77cb8 00000000`00000059 00007ff8`3f13cf23 : KERNELBASE!GetProcAddress
00007ff8`38d9b53d     : 00000000`00000000 0000652e`5efeba79 0000020f`f514ac38 00007ff8`38ed7410 : AppxDeploymentClient!wil::details::RtlDllShutdownInProgress+0x20
00007ff8`38d9bf59     : 0000020f`f514abc0 0000020f`f514ac38 ffffffff`ffffff01 00007ff8`41a44273 : AppxDeploymentClient!wil::ProcessShutdownInProgress+0x21
(Inline Function)     : --------`-------- --------`-------- --------`-------- --------`-------- : AppxDeploymentClient!wil::manually_managed_shutdown_aware_object<wil::details::EnabledStateManager>::destroy+0x5
(Inline Function)     : --------`-------- --------`-------- --------`-------- --------`-------- : AppxDeploymentClient!wil::shutdown_aware_object<wil::details::EnabledStateManager>::{dtor}+0x5
[GBRESOLVE] func=kernelbase!LoadLibraryExW
0000020f`f5155780  "C:\Windows\System32\Windows.UI.d"
0000020f`f51557c0  "ll"
RetAddr               : Args to Child                                                           : Call Site
00007ff8`3ffe4a85     : 0000020f`f51509c0 00007ff8`240bafb8 00000000`dc0aedf7 00007ff8`3ffddd61 : KERNELBASE!LoadLibraryExW
00007ff8`3ffe4573     : 00000000`00000000 0000002a`3abdece0 0000020f`f514c770 0000020f`f5155780 : combase!LoadLibraryWithLogging+0x2d
(Inline Function)     : --------`-------- --------`-------- --------`-------- --------`-------- : combase!CClassCache::CDllPathEntry::LoadDll::__l4::<lambda_eebf69f5a3250f8786ebc7c3378db176>::operator()+0x15
(Inline Function)     : --------`-------- --------`-------- --------`-------- --------`-------- : combase!DoImmediateCallback+0x1e
(Inline Function)     : --------`-------- --------`-------- --------`-------- --------`-------- : combase!CClassCache::CDllPathEntry::LoadDll+0x2e
ModLoad: 00007ff8`26860000 00007ff8`269b8000   C:\Windows\System32\Windows.UI.dll
[GBRESOLVE] func=kernelbase!GetProcAddress
rcx=00007ff826860000
rdx=00007ff8402637d0
00007ff8`402637d0  "DllGetClassObject"
RetAddr               : Args to Child                                                           : Call Site
00007ff8`3ffe458f     : 00000000`00000000 0000002a`3abdece0 0000020f`f514c770 0000020f`f5155780 : KERNELBASE!GetProcAddress
(Inline Function)     : --------`-------- --------`-------- --------`-------- --------`-------- : combase!CClassCache::CDllPathEntry::LoadDll+0x4a
00007ff8`4000da58     : 00000000`00000000 00000000`00000000 0000002a`3abded00 0000002a`3abded00 : combase!CClassCache::CDllPathEntry::Create+0x8b
(Inline Function)     : --------`-------- --------`-------- --------`-------- --------`-------- : combase!CClassCache::GetOrLoadDllPathEntryForWinrt+0x63b
00007ff8`4000bf61     : 00000000`00000000 00000000`00000000 00000000`00000000 0000002a`3abdf280 : combase!CClassCache::GetOrLoadWinRTInprocClass+0x718
[GBRESOLVE] func=kernelbase!GetProcAddress
rcx=00007ff826860000
rdx=00007ff8402637e8
00007ff8`402637e8  "DllGetActivationFactory"
RetAddr               : Args to Child                                                           : Call Site
00007ff8`3ffe45a9     : 0000002a`3abdece0 00007ff8`2688a3c0 0000020f`f514c770 0000020f`f5155780 : KERNELBASE!GetProcAddress
(Inline Function)     : --------`-------- --------`-------- --------`-------- --------`-------- : combase!CClassCache::CDllPathEntry::LoadDll+0x64
00007ff8`4000da58     : 00000000`00000000 00000000`00000000 0000002a`3abded00 0000002a`3abded00 : combase!CClassCache::CDllPathEntry::Create+0xa5
(Inline Function)     : --------`-------- --------`-------- --------`-------- --------`-------- : combase!CClassCache::GetOrLoadDllPathEntryForWinrt+0x63b
00007ff8`4000bf61     : 00000000`00000000 00000000`00000000 00000000`00000000 0000002a`3abdf280 : combase!CClassCache::GetOrLoadWinRTInprocClass+0x718
[GBRESOLVE] func=kernelbase!GetProcAddress
rcx=00007ff826860000
rdx=00007ff840263800
00007ff8`40263800  "DllCanUnloadNow"
RetAddr               : Args to Child                                                           : Call Site
00007ff8`3ffe45cc     : 0000002a`3abdece0 00007ff8`268832f0 0000020f`f514c770 0000020f`f5155780 : KERNELBASE!GetProcAddress
(Inline Function)     : --------`-------- --------`-------- --------`-------- --------`-------- : combase!CClassCache::CDllPathEntry::LoadDll+0x87
00007ff8`4000da58     : 00000000`00000000 00000000`00000000 0000002a`3abded00 0000002a`3abded00 : combase!CClassCache::CDllPathEntry::Create+0xc8
(Inline Function)     : --------`-------- --------`-------- --------`-------- --------`-------- : combase!CClassCache::GetOrLoadDllPathEntryForWinrt+0x63b
00007ff8`4000bf61     : 00000000`00000000 00000000`00000000 00000000`00000000 0000002a`3abdf280 : combase!CClassCache::GetOrLoadWinRTInprocClass+0x718
[GBRESOLVE] func=kernelbase!GetProcAddress
rcx=00007ff841a40000
rdx=00007ff8240bec68
00007ff8`240bec68  "RtlRegisterFeatureConfigurationC"
00007ff8`240bec88  "hangeNotification"
RetAddr               : Args to Child                                                           : Call Site
00007ff8`2404d2c0     : 00000000`00000008 00007ff8`41a4ea41 00000000`000000d0 00007ff8`41a4ea41 : KERNELBASE!GetProcAddress
00007ff8`2404c2eb     : 00007ff8`240d8c78 00007ff8`24048b90 00000000`00000000 00000000`00000002 : MrmCoreR!wil_details_RtlRegisterFeatureConfigurationChangeNotification+0x30
00007ff8`24049c60     : 00007ff8`240d8c78 0000002a`3abdef60 00007ff8`240d7660 0000020f`f5148710 : MrmCoreR!wil::details::WilApiImpl_SubscribeFeatureStateChangeNotification+0x8b
00007ff8`24049beb     : 00007ff8`240d8c60 0000002a`3abdefc8 00000000`00000000 00000000`00000002 : MrmCoreR!wil::details::EnabledStateManager::EnsureSubscribedToFeatureConfigurationChangesImpl+0x68
00007ff8`24067fd0     : 00000000`00000008 00007ff8`41a4ea41 0000020f`f5000014 0000020f`f514e230 : MrmCoreR!wil::details::EnsureSubscribedToFeatureConfigurationChanges+0x1b
[GBRESOLVE] func=kernelbase!GetProcAddress
rcx=00007ff841a40000
rdx=00007ff8240beb48
00007ff8`240beb48  "RtlDisownModuleHeapAllocation"
RetAddr               : Args to Child                                                           : Call Site
00007ff8`2404aaab     : 00007ff8`41a40000 00000000`00000040 0000020f`f5000000 00000000`00000000 : KERNELBASE!GetProcAddress
00007ff8`2404c816     : 00007ff8`240d76b0 0000002a`3abdee80 00007ff8`240d7640 0000020f`f5160040 : MrmCoreR!wil::details::ProcessHeapAlloc+0x77
00007ff8`2404c790     : 00000000`240d7600 00007ff8`240d76b0 0000002a`3abdee80 00000000`00000010 : MrmCoreR!wil::details_abi::heap_buffer::reserve+0x42
00007ff8`2404bf3d     : 00007ff8`240d76b0 00007ff8`24048b90 00007ff8`24048ae0 00007ff8`41a4ea41 : MrmCoreR!wil::details_abi::heap_buffer::push_back+0x20
00007ff8`2404c304     : 00007ff8`240d8c78 00007ff8`24048b90 00000000`00000000 00000000`00000002 : MrmCoreR!wil::details_abi::SubscriptionList::SubscribeUnderLock+0x75
[GBRESOLVE] func=kernelbase!GetProcAddress
rcx=00007ff841a40000
rdx=00007ff8240bec48
00007ff8`240bec48  "RtlQueryFeatureConfiguration"
RetAddr               : Args to Child                                                           : Call Site
00007ff8`2404cec5     : 00000000`00000000 0000020f`f5000000 0000020f`f5155de0 00007ff8`2403e18b : KERNELBASE!GetProcAddress
00007ff8`2404a36a     : 00007ff8`240d76b0 0000002a`3abdee80 00007ff8`240d9540 00000000`00000010 : MrmCoreR!wil_RtlStagingConfig_QueryFeatureState+0x5d
00007ff8`2404c1c0     : 0000002a`3abdef98 0000002a`3abdef60 0000002a`3abdef60 00000000`00000000 : MrmCoreR!wil::details::IsFeatureConfigured+0x86
00007ff8`240680f5     : 00007ff8`240d8c60 0000002a`3abdefc8 00000000`00000000 00000000`00000002 : MrmCoreR!wil::details::WilApiImpl_GetFeatureEnabledState+0x40
00007ff8`24067fe3     : 0000002a`3abdefc8 0000002a`3abdef60 00000000`00000001 0000020f`f514e230 : MrmCoreR!wil::details::FeatureImpl<__WilFeatureTraits_Feature_Servicing_MrmCorerIntegerOverflowMSRC88260>::GetCurrentFeatureEnabledState+0x21
[GBRESOLVE] func=kernelbase!GetProcAddress
rcx=00007ff841a40000
rdx=00007ff8240bec08
00007ff8`240bec08  "RtlDllShutdownInProgress"
RetAddr               : Args to Child                                                           : Call Site
00007ff8`24041f10     : 0000002a`3abdede0 00000000`00000147 00000000`00000003 00007ff8`240da108 : KERNELBASE!GetProcAddress
00007ff8`2403ab65     : 00000000`00000000 00007ff8`240da108 00000000`00000001 00007ff8`24066867 : MrmCoreR!wil::details::RtlDllShutdownInProgress+0x20
00007ff8`2406280e     : 00007ff8`240d8c60 0000002a`3abdeed8 0000002a`3abdee40 00007ff8`2404cd97 : MrmCoreR!wil::ProcessShutdownInProgress+0x21
00007ff8`24064062     : 00000000`00000002 00000000`00000002 0000002a`3abdeea0 00000000`00000147 : MrmCoreR!wil::details::EnabledStateManager::QueueBackgroundUsageReporting+0x22
00007ff8`24063f71     : 00000000`030e8ed3 00000000`00000000 0000020f`f5148710 00000000`00000010 : MrmCoreR!wil::details::ReportUsageToServiceDirect+0x96
ModLoad: 00007ff8`06870000 00007ff8`068a4000   C:\WINDOWS\SYSTEM32\bcp47mrm.dll
[GBRESOLVE] func=kernelbase!LoadLibraryExW
00007ff8`240bacc8  "AppxDeploymentClient.dll"
RetAddr               : Args to Child                                                           : Call Site
00007ff8`23fec84a     : 00000000`00000000 00000000`00000000 0000002a`3abdf330 0080804c`00000000 : KERNELBASE!LoadLibraryExW
00007ff8`23fea9f5     : 00000000`00000000 00000000`00000000 00000000`80070057 00000000`00000000 : MrmCoreR!Microsoft::Resources::GetMetadataFolderForPackageFullName+0x3e
00007ff8`23fe5a77     : 0000020f`f514c300 0000020f`f514c3d0 00000000`00000000 00000000`00000000 : MrmCoreR!Microsoft::Resources::WindowsClientProfileBase::GetDefaultPriFileForResourceMapNameWorker+0x1e5
00007ff8`2402a8f2     : 00000000`00000000 0000020f`80073d54 0000020f`f514c3d0 0000002a`3abdf450 : MrmCoreR!Microsoft::Resources::DynamicPackageProfile::GetMainPriFilePathForResourceMapName+0x227
00007ff8`23ffa376     : 00000000`00000000 0000002a`3abdf470 00000000`00000000 00000000`00000000 : MrmCoreR!Microsoft::Resources::MetroAppClientProfile::GetMainPriFilePathForResourceMapName+0x22
ModLoad: 00007ff8`38d80000 00007ff8`38eef000   C:\WINDOWS\SYSTEM32\AppxDeploymentClient.dll
[GBRESOLVE] func=kernelbase!GetProcAddress
rcx=00007ff83eb70000
rdx=00007ff838e952d8
00007ff8`38e952d8  "SleepConditionVariableCS"
RetAddr               : Args to Child                                                           : Call Site
00007ff8`38dc2976     : 00007ff8`3eb70000 00000000`00000000 029c6fbf`00000001 9c002400`00000000 : KERNELBASE!GetProcAddress
(Inline Function)     : --------`-------- --------`-------- --------`-------- --------`-------- : AppxDeploymentClient!__scrt_initialize_thread_safe_statics_platform_specific+0x4c
00007ff8`3f1632b2     : 00007ff8`38e8b670 00000000`7ffe0385 00000000`00000000 00007ff8`41aaf51d : AppxDeploymentClient!__scrt_initialize_thread_safe_statics+0x56
00007ff8`38db77a2     : 00000000`7ffe0300 0000002a`3abdeeb0 00000000`00000000 00000000`00000001 : ucrtbase!initterm_e+0x92
00007ff8`38db793b     : 00000000`7ffe0385 00000000`00000000 00000000`00000000 00000000`00000001 : AppxDeploymentClient!dllmain_crt_process_attach+0x7a
[GBRESOLVE] func=kernelbase!GetProcAddress
rcx=00007ff83eb70000
rdx=00007ff838e952f8
00007ff8`38e952f8  "WakeAllConditionVariable"
RetAddr               : Args to Child                                                           : Call Site
00007ff8`38dc2989     : 00007ff8`3f163370 00007ff8`3ec48160 029c6fbf`00000001 9c002400`00000000 : KERNELBASE!GetProcAddress
(Inline Function)     : --------`-------- --------`-------- --------`-------- --------`-------- : AppxDeploymentClient!__scrt_initialize_thread_safe_statics_platform_specific+0x5f
00007ff8`3f1632b2     : 00007ff8`38e8b670 00000000`7ffe0385 00000000`00000000 00007ff8`41aaf51d : AppxDeploymentClient!__scrt_initialize_thread_safe_statics+0x69
00007ff8`38db77a2     : 00000000`7ffe0300 0000002a`3abdeeb0 00000000`00000000 00000000`00000001 : ucrtbase!initterm_e+0x92
00007ff8`38db793b     : 00000000`7ffe0385 00000000`00000000 00000000`00000000 00000000`00000001 : AppxDeploymentClient!dllmain_crt_process_attach+0x7a
[GBRESOLVE] func=kernelbase!GetProcAddress
rcx=00007ff838d80000
rdx=00007ff8240bad00
00007ff8`240bad00  "GetMetadataRootForPackage"
RetAddr               : Args to Child                                                           : Call Site
00007ff8`23fec873     : 00000000`00000000 00000000`00000000 0000002a`3abdf330 00000000`00000000 : KERNELBASE!GetProcAddress
00007ff8`23fea9f5     : 00000000`00000000 00000000`00000000 00000000`80070057 00000000`00000000 : MrmCoreR!Microsoft::Resources::GetMetadataFolderForPackageFullName+0x67
00007ff8`23fe5a77     : 0000020f`f514c300 0000020f`f514c3d0 00000000`00000000 00000000`00000000 : MrmCoreR!Microsoft::Resources::WindowsClientProfileBase::GetDefaultPriFileForResourceMapNameWorker+0x1e5
00007ff8`2402a8f2     : 00000000`00000000 0000020f`80073d54 0000020f`f514c3d0 0000002a`3abdf450 : MrmCoreR!Microsoft::Resources::DynamicPackageProfile::GetMainPriFilePathForResourceMapName+0x227
00007ff8`23ffa376     : 00000000`00000000 0000002a`3abdf470 00000000`00000000 00000000`00000000 : MrmCoreR!Microsoft::Resources::MetroAppClientProfile::GetMainPriFilePathForResourceMapName+0x22
[GBRESOLVE] func=kernelbase!LoadLibraryExW
0000020f`f5148dd0  "ext-ms-onecore-appmodel-staterep"
0000020f`f5148e10  "ository-cache-l1-1-0.dll"
RetAddr               : Args to Child                                                           : Call Site
00007ff8`3eb84324     : 0000002a`3abdec90 00007ff8`00000070 00000000`00000001 00000000`00000070 : KERNELBASE!LoadLibraryExW
00007ff8`38d9e3a0     : 00000000`00000000 00000000`00000000 0000002a`3abded30 00000000`00000a38 : KERNELBASE!LoadLibraryExA+0x64
00007ff8`38dbabf0     : 00007ff8`38ecef20 00007ff8`38ee4960 00007ff8`38d80000 00000000`00000000 : AppxDeploymentClient!__delayLoadHelper2+0x3c0
00007ff8`38d884fe     : 00000000`00000000 0000002a`3abdee40 0000002a`3abdf238 00000000`00000000 : AppxDeploymentClient!_tailMerge_ext_ms_onecore_appmodel_staterepository_cache_l1_1_0_dll+0x3f
(Inline Function)     : --------`-------- --------`-------- --------`-------- --------`-------- : AppxDeploymentClient!StateRepository::Cache::Manager_NoThrow::Open+0x2f
[GBRESOLVE] func=kernelbase!GetProcAddress
rcx=00007ff829710000
rdx=00007ff838ed0c88
00007ff8`38ed0c88  "SRCacheManager_Open"
RetAddr               : Args to Child                                                           : Call Site
00007ff8`38d9e335     : 00000000`00000000 00000000`00000000 0000002a`3abded30 00000000`00000a38 : KERNELBASE!GetProcAddress
00007ff8`38dbabf0     : 00007ff8`38ecef20 00007ff8`38ee4960 00007ff8`38d80000 00000000`00000000 : AppxDeploymentClient!__delayLoadHelper2+0x355
00007ff8`38d884fe     : 00000000`00000000 0000002a`3abdee40 0000002a`3abdf238 00000000`00000000 : AppxDeploymentClient!_tailMerge_ext_ms_onecore_appmodel_staterepository_cache_l1_1_0_dll+0x3f
(Inline Function)     : --------`-------- --------`-------- --------`-------- --------`-------- : AppxDeploymentClient!StateRepository::Cache::Manager_NoThrow::Open+0x2f
(Inline Function)     : --------`-------- --------`-------- --------`-------- --------`-------- : AppxDeploymentClient!StateRepository::Cache::Manager_NoThrow::Open+0x2f
[GBRESOLVE] func=kernelbase!GetProcAddress
rcx=00007ff829710000
rdx=00007ff838ed0d84
00007ff8`38ed0d84  "SRCacheContext_Open"
RetAddr               : Args to Child                                                           : Call Site
00007ff8`38d9e335     : 00000000`00001000 00000000`00000000 0000002a`3abdea70 00000000`00000a38 : KERNELBASE!GetProcAddress
00007ff8`38dbabf0     : 00007ff8`38ecef20 00007ff8`38ee4930 00000000`00000000 00000000`00002000 : AppxDeploymentClient!__delayLoadHelper2+0x355
00007ff8`38d896c6     : 0000020f`f51471e0 00007ff8`38e8e5f0 00000000`00000000 0000002a`3abdeb58 : AppxDeploymentClient!_tailMerge_ext_ms_onecore_appmodel_staterepository_cache_l1_1_0_dll+0x3f
(Inline Function)     : --------`-------- --------`-------- --------`-------- --------`-------- : AppxDeploymentClient!StateRepository::Cache::Context_NoThrow::Open+0x3b
(Inline Function)     : --------`-------- --------`-------- --------`-------- --------`-------- : AppxDeploymentClient!StateRepository::Cache::Context_NoThrow::Open+0x3b
[GBRESOLVE] func=kernelbase!GetProcAddress
rcx=00007ff829710000
rdx=00007ff838ed0d48
00007ff8`38ed0d48  "SRCacheContext_OpenSubContext"
RetAddr               : Args to Child                                                           : Call Site
00007ff8`38d9e335     : 00000000`00001000 00000000`00000000 0000002a`3abdea70 00000000`00000a38 : KERNELBASE!GetProcAddress
00007ff8`38dbabf0     : 00007ff8`38ecef20 00007ff8`38ee4940 00000000`00000000 0000020f`f51471e0 : AppxDeploymentClient!__delayLoadHelper2+0x355
00007ff8`38d8993d     : 0000020f`f5135420 0000002a`3abdeb78 00000000`00000000 0000002a`3abdeb58 : AppxDeploymentClient!_tailMerge_ext_ms_onecore_appmodel_staterepository_cache_l1_1_0_dll+0x3f
(Inline Function)     : --------`-------- --------`-------- --------`-------- --------`-------- : AppxDeploymentClient!StateRepository::Cache::Context_NoThrow::OpenSubContext+0x30
(Inline Function)     : --------`-------- --------`-------- --------`-------- --------`-------- : AppxDeploymentClient!StateRepository::Cache::Context_NoThrow::OpenSubContext+0x30
[GBRESOLVE] func=kernelbase!GetProcAddress
rcx=00007ff829710000
rdx=00007ff838ed0d9a
00007ff8`38ed0d9a  "SRCacheContext_EnumerateData"
RetAddr               : Args to Child                                                           : Call Site
00007ff8`38d9e335     : 00000000`00001000 00000000`00000000 0000002a`3abdea70 00000000`00000a38 : KERNELBASE!GetProcAddress
00007ff8`38dbabf0     : 00007ff8`38ecef20 00007ff8`38ee4928 00000000`00000000 0000020f`f51471e0 : AppxDeploymentClient!__delayLoadHelper2+0x355
00007ff8`38d89a45     : 0000020f`f5135340 00000000`00000000 0000002a`3abdee20 0000002a`3abdeb78 : AppxDeploymentClient!_tailMerge_ext_ms_onecore_appmodel_staterepository_cache_l1_1_0_dll+0x3f
(Inline Function)     : --------`-------- --------`-------- --------`-------- --------`-------- : AppxDeploymentClient!StateRepository::Cache::Context_NoThrow::EnumerateData+0xc
00007ff8`38d8858e     : 00007ff8`38d80000 00000000`00000000 00000000`00000000 00000000`00000000 : AppxDeploymentClient!StateRepository::Cache::Entity::Package_NoThrow::GetByPackageFullName+0x3e5
[GBRESOLVE] func=kernelbase!LoadLibraryExW
0000020f`f51488c0  "ext-ms-onecore-appmodel-staterep"
0000020f`f5148900  "ository-cache-l1-1-4.dll"
RetAddr               : Args to Child                                                           : Call Site
00007ff8`3eb84324     : 0000002a`3abde9d0 00007ff8`00000070 00000000`00000001 00007ff8`00000070 : KERNELBASE!LoadLibraryExW
00007ff8`38d9e3a0     : 00000000`00000000 00000000`00000000 0000002a`3abdea70 00000000`00000a38 : KERNELBASE!LoadLibraryExA+0x64
00007ff8`38dbacd5     : 00007ff8`38ecef40 00007ff8`38ee4998 00000000`00000000 0000020f`f51471e0 : AppxDeploymentClient!__delayLoadHelper2+0x3c0
00007ff8`38d8999a     : 0000020f`f5135420 00007ff8`38e8e5f0 00000000`00000276 0000002a`3abdeab0 : AppxDeploymentClient!_tailMerge_ext_ms_onecore_appmodel_staterepository_cache_l1_1_4_dll+0x3f
(Inline Function)     : --------`-------- --------`-------- --------`-------- --------`-------- : AppxDeploymentClient!StateRepository::Cache::Context_NoThrow::AddToCache+0x13
[GBRESOLVE] func=kernelbase!GetProcAddress
rcx=00007ff829710000
rdx=00007ff838ed0d14
00007ff8`38ed0d14  "SRCacheContext_AddToCache"
RetAddr               : Args to Child                                                           : Call Site
00007ff8`38d9e335     : 00000000`00000000 00000000`00000000 0000002a`3abdea70 00000000`00000a38 : KERNELBASE!GetProcAddress
00007ff8`38dbacd5     : 00007ff8`38ecef40 00007ff8`38ee4998 00000000`00000000 0000020f`f51471e0 : AppxDeploymentClient!__delayLoadHelper2+0x355
00007ff8`38d8999a     : 0000020f`f5135420 00007ff8`38e8e5f0 00000000`00000276 0000002a`3abdeab0 : AppxDeploymentClient!_tailMerge_ext_ms_onecore_appmodel_staterepository_cache_l1_1_4_dll+0x3f
(Inline Function)     : --------`-------- --------`-------- --------`-------- --------`-------- : AppxDeploymentClient!StateRepository::Cache::Context_NoThrow::AddToCache+0x13
00007ff8`38d8858e     : 00007ff8`38d80000 00000000`00000000 00000000`00000000 00000000`00000000 : AppxDeploymentClient!StateRepository::Cache::Entity::Package_NoThrow::GetByPackageFullName+0x33a
[GBRESOLVE] func=kernelbase!GetProcAddress
rcx=00007ff829710000
rdx=00007ff838ed0d30
00007ff8`38ed0d30  "SRCacheContext_Close"
RetAddr               : Args to Child                                                           : Call Site
00007ff8`38d9e335     : 00000000`00001000 00000000`00000000 0000002a`3abdea70 00000000`00000a38 : KERNELBASE!GetProcAddress
00007ff8`38dbabf0     : 00007ff8`38ecef20 00007ff8`38ee4958 00000000`00000000 00007ff8`38e8e5f0 : AppxDeploymentClient!__delayLoadHelper2+0x355
00007ff8`38d89b0b     : 0000020f`f5135340 00000000`00001540 00000000`00000001 00000000`0000001a : AppxDeploymentClient!_tailMerge_ext_ms_onecore_appmodel_staterepository_cache_l1_1_0_dll+0x3f
(Inline Function)     : --------`-------- --------`-------- --------`-------- --------`-------- : AppxDeploymentClient!StateRepository::Cache::srcache_context_deleter::operator()+0x7
(Inline Function)     : --------`-------- --------`-------- --------`-------- --------`-------- : AppxDeploymentClient!wistd::unique_ptr<SRCacheContext,StateRepository::Cache::srcache_context_deleter>::reset+0x16
[GBRESOLVE] func=kernelbase!GetProcAddress
rcx=00007ff829710000
rdx=00007ff838ed0cd0
00007ff8`38ed0cd0  "SRCacheContext_GetField_UInt32"
RetAddr               : Args to Child                                                           : Call Site
00007ff8`38d9e335     : 00000000`00001000 00000000`00000000 0000002a`3abdecd0 00000000`00000a38 : KERNELBASE!GetProcAddress
00007ff8`38dbabf0     : 00007ff8`38ecef20 00007ff8`38ee4950 00000000`00000008 00007ff8`00000000 : AppxDeploymentClient!__delayLoadHelper2+0x355
00007ff8`38d8a269     : 0000020f`f5135080 00007ff8`38e8e630 0000002a`3abdee9c 00000000`00000276 : AppxDeploymentClient!_tailMerge_ext_ms_onecore_appmodel_staterepository_cache_l1_1_0_dll+0x3f
(Inline Function)     : --------`-------- --------`-------- --------`-------- --------`-------- : AppxDeploymentClient!StateRepository::Cache::Context_NoThrow::GetField+0x15
(Inline Function)     : --------`-------- --------`-------- --------`-------- --------`-------- : AppxDeploymentClient!StateRepository::Cache::Context_NoThrow::GetField+0x15
[GBRESOLVE] func=kernelbase!GetProcAddress
rcx=00007ff829710000
rdx=00007ff838ed0c70
00007ff8`38ed0c70  "SRCacheManager_Close"
RetAddr               : Args to Child                                                           : Call Site
00007ff8`38d9e335     : 00000000`00001000 00000000`00000000 0000002a`3abded30 00000000`00000a38 : KERNELBASE!GetProcAddress
00007ff8`38dbabf0     : 00007ff8`38ecef20 00007ff8`38ee4948 00000000`00000000 00000000`7ffffffe : AppxDeploymentClient!__delayLoadHelper2+0x355
00007ff8`38d88a7c     : 0000020f`f51471e0 00000000`00001540 00000000`00000001 00000000`00000000 : AppxDeploymentClient!_tailMerge_ext_ms_onecore_appmodel_staterepository_cache_l1_1_0_dll+0x3f
(Inline Function)     : --------`-------- --------`-------- --------`-------- --------`-------- : AppxDeploymentClient!StateRepository::Cache::srcache_manager_deleter::operator()+0x7
(Inline Function)     : --------`-------- --------`-------- --------`-------- --------`-------- : AppxDeploymentClient!wistd::unique_ptr<SRCacheManager,StateRepository::Cache::srcache_manager_deleter>::reset+0x16
[GBRESOLVE] func=kernelbase!GetProcAddress
rcx=00007ff841a40000
rdx=00007ff838e955b0
00007ff8`38e955b0  "RtlDllShutdownInProgress"
RetAddr               : Args to Child                                                           : Call Site
00007ff8`38dc40d0     : 00000000`00000001 00007ff8`41a77cb8 00000000`00000059 00007ff8`3f13cf23 : KERNELBASE!GetProcAddress
00007ff8`38d9b53d     : 00000000`00000000 0000652e`5efeba79 0000020f`f5158f98 00007ff8`38ed7410 : AppxDeploymentClient!wil::details::RtlDllShutdownInProgress+0x20
00007ff8`38d9bf59     : 0000020f`f5158f20 0000020f`f5158f98 ffffffff`ffffff01 00007ff8`41a44273 : AppxDeploymentClient!wil::ProcessShutdownInProgress+0x21
(Inline Function)     : --------`-------- --------`-------- --------`-------- --------`-------- : AppxDeploymentClient!wil::manually_managed_shutdown_aware_object<wil::details::EnabledStateManager>::destroy+0x5
(Inline Function)     : --------`-------- --------`-------- --------`-------- --------`-------- : AppxDeploymentClient!wil::shutdown_aware_object<wil::details::EnabledStateManager>::{dtor}+0x5
[GBRESOLVE] func=kernelbase!GetProcAddress
rcx=00007ff841a40000
rdx=00007ff806897a98
00007ff8`06897a98  "RtlRegisterFeatureConfigurationC"
00007ff8`06897ab8  "hangeNotification"
RetAddr               : Args to Child                                                           : Call Site
00007ff8`068731f6     : 00000000`00000004 00007ff8`068790b5 0000020f`f515ab00 0000020f`f515ab20 : KERNELBASE!GetProcAddress
00007ff8`06873171     : 00007ff8`0689ecc0 00000002`00000011 00000000`00000000 0000020f`f515ab00 : bcp47mrm!wil::details::FeatureStateManager::EnsureSubscribedToStateChangesUnderLock+0x36
00007ff8`0687f8da     : 00007ff8`0689e3d0 0000002a`3abdf0d9 00007ff8`0689e3e8 00007ff8`0689e3c8 : bcp47mrm!wil::details::FeatureStateManager::SubscribeToEnabledStateChanges+0x49
00007ff8`06874099     : 0000002a`3abdee48 0000002a`3abdf090 0000002a`3abdf090 0000002a`3abdf168 : bcp47mrm!wil::details::EnabledStateManager::EnsureSubscribedToFeatureConfigurationChangesImpl+0x5a
00007ff8`068755cf     : 0000af6c`262cdd65 0000002a`3abdf168 0000002a`3abdf090 0000002a`3abdf090 : bcp47mrm!wil::details::FeatureImpl<__WilFeatureTraits_Feature_DecoupledLanguageAndKeyboardSettings>::GetCachedFeatureEnabledState+0x2d
[GBRESOLVE] func=kernelbase!GetProcAddress
rcx=00007ff841a40000
rdx=00007ff80688ff78
00007ff8`0688ff78  "RtlDisownModuleHeapAllocation"
RetAddr               : Args to Child                                                           : Call Site
00007ff8`068730df     : 00007ff8`41a40000 00000000`00000040 0000020f`f5000000 00000000`00000000 : KERNELBASE!GetProcAddress
00007ff8`06872fdb     : 00007ff8`0689ed10 0000002a`3abded50 00007ff8`0689eca0 0000020f`f5171160 : bcp47mrm!wil::details::ProcessHeapAlloc+0x77
00007ff8`068732f8     : 00007ff8`0689ed10 00007ff8`0689e3c8 0000002a`3abded50 00000000`00000010 : bcp47mrm!wil::details_abi::heap_buffer::reserve+0x4b
00007ff8`0687328c     : 00007ff8`0689ed10 00007ff8`0689e3e8 00007ff8`0689e3e8 0000020f`f515ab20 : bcp47mrm!wil::details_abi::heap_buffer::push_back+0x20
00007ff8`06873187     : 00007ff8`0689ecc0 00000002`00000011 00000000`00000000 0000020f`f515ab00 : bcp47mrm!wil::details_abi::SubscriptionList::SubscribeUnderLock+0x50
[GBRESOLVE] func=kernelbase!GetProcAddress
rcx=00007ff841a40000
rdx=00007ff806897ad0
00007ff8`06897ad0  "RtlQueryFeatureConfiguration"
RetAddr               : Args to Child                                                           : Call Site
00007ff8`06880855     : 00000000`001e001d 00007ff8`0688ff78 00007ff8`06881220 0000002a`3abdf730 : KERNELBASE!GetProcAddress
00007ff8`068735c0     : 00007ff8`0689eca0 0000020f`f5171160 00007ff8`0689eb60 00007ff8`0687331c : bcp47mrm!wil_RtlStagingConfig_QueryFeatureState+0x5d
00007ff8`068734f0     : 0000002a`3abdee18 0000002a`3abdf0d9 00007ff8`06881220 00007ff8`00000000 : bcp47mrm!wil::details::IsFeatureConfigured+0xa4
00007ff8`0687420d     : 00007ff8`0689e3d0 00007ff8`0689e3d0 0000002a`3abdf0d9 00007ff8`0689e3c8 : bcp47mrm!wil::details::WilApiImpl_GetFeatureEnabledState+0x40
00007ff8`068740af     : 0000002a`3abdee48 0000002a`3abdf0d9 00000000`00000001 0000002a`3abdf168 : bcp47mrm!wil::details::FeatureImpl<__WilFeatureTraits_Feature_DecoupledLanguageAndKeyboardSettings>::GetCurrentFeatureEnabledState+0x21
[GBRESOLVE] func=kernelbase!GetProcAddress
rcx=00007ff841a40000
rdx=00007ff806897b18
00007ff8`06897b18  "RtlDllShutdownInProgress"
RetAddr               : Args to Child                                                           : Call Site
00007ff8`0687fc10     : 00000000`00000000 00007ff8`41b27360 0000002a`3abdf730 0000020f`f5144ae8 : KERNELBASE!GetProcAddress
00007ff8`06872e28     : 00000000`00000000 00007ff8`06873102 0000002a`3abded78 00000000`00000040 : bcp47mrm!wil::details::RtlDllShutdownInProgress+0x20
00007ff8`06873432     : 00000000`00000040 00007ff8`068733a7 00007ff8`0689e418 0000020f`f5155cc0 : bcp47mrm!wil::ProcessShutdownInProgress+0x2c
00007ff8`06873fdd     : 00000000`00000006 00000000`00000001 00007ff8`0689edb0 00000000`00000010 : bcp47mrm!wil::details::EnabledStateManager::QueueBackgroundUsageReporting+0x26
00007ff8`06873e9b     : 00000000`012bb9e6 0000002a`3abdf0d9 00000000`00000000 0000002a`3abdedf0 : bcp47mrm!wil::details::ReportUsageToServiceDirect+0xcd
[GBRESOLVE] func=kernelbase!GetProcAddress
rcx=00007ff83eb70000
rdx=00007ff806897e40
00007ff8`06897e40  "LogStagedFeatureUsage"
RetAddr               : Args to Child                                                           : Call Site
00007ff8`068809c7     : 00007ff8`3eb70000 00007ff8`0689e3f0 00007ff8`0689eca0 00007ff8`06873489 : KERNELBASE!GetProcAddress
00007ff8`068856ae     : 00000000`00000002 00007ff8`0689e3d0 00000000`00000001 00007ff8`0689edb0 : bcp47mrm!wil_details_GetKernelBaseProcAddress+0x47
00007ff8`06874060     : 00000000`00000006 00000000`00000000 00007ff8`0689edb0 00000000`00000010 : bcp47mrm!wil_StagingConfig_LogStagedFeatureUsage+0x2e
00007ff8`06873e9b     : 00000000`012bb9e6 0000002a`3abdf0d9 00000000`00000000 0000002a`3abdedf0 : bcp47mrm!wil::details::ReportUsageToServiceDirect+0x150
00007ff8`068755e0     : 00000002`00000000 00000000`00000040 0000002a`00000003 00000000`00000010 : bcp47mrm!wil::details::FeatureImpl<__WilFeatureTraits_Feature_DecoupledLanguageAndKeyboardSettings>::ReportUsage+0x77
[GBRESOLVE] func=kernelbase!LoadLibraryExW
0000002a`3abdf640  "C:\WINDOWS\system32\uxtheme.dll"
RetAddr               : Args to Child                                                           : Call Site
00007ff8`413061bd     : 0000002a`3abdf5e8 00000000`00000000 00000000`00000000 00000000`00000000 : KERNELBASE!LoadLibraryExW
00007ff8`41ba68d4     : 00000000`00000000 00000000`00000000 00000000`00000000 0000002a`3abdf920 : USER32!_ClientLoadLibrary+0xbd
00007ff8`3f47aa24     : 00007ff8`412e37e6 00000000`00000000 00000000`00000000 51fae67d`91b0cef1 : ntdll!KiUserCallbackDispatcherContinue
00007ff8`412e37e6     : 00000000`00000000 00000000`00000000 51fae67d`91b0cef1 00000000`00000001 : win32u!NtUserLoadUserApiHook+0x14
00007ff8`2688bef6     : 0000020f`f515a180 0000020f`f5506610 00000000`00000000 0000020f`f5506660 : USER32!SystemParametersInfoW+0xa6
ModLoad: 00007ff8`3bd50000 00007ff8`3bdff000   C:\WINDOWS\system32\uxtheme.dll
[GBRESOLVE] func=kernelbase!GetProcAddress
rcx=00007ff83bd50000
rdx=0000002a3abdf460
0000002a`3abdf460  "ThemeInitApiHook"
RetAddr               : Args to Child                                                           : Call Site
00007ff8`41306277     : 0000002a`00000000 0000002a`3abdf5e8 00000000`00000000 00000000`00000000 : KERNELBASE!GetProcAddress
00007ff8`41ba68d4     : 00000000`00000000 00000000`00000000 00000000`00000000 0000002a`3abdf920 : USER32!_ClientLoadLibrary+0x177
00007ff8`3f47aa24     : 00007ff8`412e37e6 00000000`00000000 00000000`00000000 51fae67d`91b0cef1 : ntdll!KiUserCallbackDispatcherContinue
00007ff8`412e37e6     : 00000000`00000000 00000000`00000000 51fae67d`91b0cef1 00000000`00000001 : win32u!NtUserLoadUserApiHook+0x14
00007ff8`2688bef6     : 0000020f`f515a180 0000020f`f5506610 00000000`00000000 0000020f`f5506660 : USER32!SystemParametersInfoW+0xa6
[GBRESOLVE] func=kernelbase!LoadLibraryExW
0000020f`f515f450  "C:\Windows\System32\twinapi.appc"
0000020f`f515f490  "ore.dll"
RetAddr               : Args to Child                                                           : Call Site
00007ff8`3ffe4a85     : 0000020f`f5151c80 00007ff8`240bb970 00000000`b6c2d748 00007ff8`3ffddd61 : KERNELBASE!LoadLibraryExW
00007ff8`3ffe4573     : 00000000`00000000 0000002a`3abdf370 0000020f`f514ca10 0000020f`f515f450 : combase!LoadLibraryWithLogging+0x2d
(Inline Function)     : --------`-------- --------`-------- --------`-------- --------`-------- : combase!CClassCache::CDllPathEntry::LoadDll::__l4::<lambda_eebf69f5a3250f8786ebc7c3378db176>::operator()+0x15
(Inline Function)     : --------`-------- --------`-------- --------`-------- --------`-------- : combase!DoImmediateCallback+0x1e
(Inline Function)     : --------`-------- --------`-------- --------`-------- --------`-------- : combase!CClassCache::CDllPathEntry::LoadDll+0x2e
ModLoad: 00007ff8`33220000 00007ff8`33458000   C:\Windows\System32\twinapi.appcore.dll
[GBRESOLVE] func=kernelbase!GetProcAddress
rcx=00007ff833220000
rdx=00007ff8402637d0
00007ff8`402637d0  "DllGetClassObject"
RetAddr               : Args to Child                                                           : Call Site
00007ff8`3ffe458f     : 00000000`00000000 0000002a`3abdf370 0000020f`f514ca10 0000020f`f515f450 : KERNELBASE!GetProcAddress
(Inline Function)     : --------`-------- --------`-------- --------`-------- --------`-------- : combase!CClassCache::CDllPathEntry::LoadDll+0x4a
00007ff8`4000da58     : 00000000`00000000 00000000`00000000 0000002a`3abdf400 0000002a`3abdf300 : combase!CClassCache::CDllPathEntry::Create+0x8b
(Inline Function)     : --------`-------- --------`-------- --------`-------- --------`-------- : combase!CClassCache::GetOrLoadDllPathEntryForWinrt+0x63b
00007ff8`4000bf61     : 00000000`00000000 00000000`00000000 00000000`00000000 0000002a`3abdf940 : combase!CClassCache::GetOrLoadWinRTInprocClass+0x718
[GBRESOLVE] func=kernelbase!GetProcAddress
rcx=00007ff833220000
rdx=00007ff8402637e8
00007ff8`402637e8  "DllGetActivationFactory"
RetAddr               : Args to Child                                                           : Call Site
00007ff8`3ffe45a9     : 0000002a`3abdf370 00007ff8`3327e440 0000020f`f514ca10 0000020f`f515f450 : KERNELBASE!GetProcAddress
(Inline Function)     : --------`-------- --------`-------- --------`-------- --------`-------- : combase!CClassCache::CDllPathEntry::LoadDll+0x64
00007ff8`4000da58     : 00000000`00000000 00000000`00000000 0000002a`3abdf400 0000002a`3abdf300 : combase!CClassCache::CDllPathEntry::Create+0xa5
(Inline Function)     : --------`-------- --------`-------- --------`-------- --------`-------- : combase!CClassCache::GetOrLoadDllPathEntryForWinrt+0x63b
00007ff8`4000bf61     : 00000000`00000000 00000000`00000000 00000000`00000000 0000002a`3abdf940 : combase!CClassCache::GetOrLoadWinRTInprocClass+0x718
[GBRESOLVE] func=kernelbase!GetProcAddress
rcx=00007ff833220000
rdx=00007ff840263800
00007ff8`40263800  "DllCanUnloadNow"
RetAddr               : Args to Child                                                           : Call Site
00007ff8`3ffe45cc     : 0000002a`3abdf370 00007ff8`332975b0 0000020f`f514ca10 0000020f`f515f450 : KERNELBASE!GetProcAddress
(Inline Function)     : --------`-------- --------`-------- --------`-------- --------`-------- : combase!CClassCache::CDllPathEntry::LoadDll+0x87
00007ff8`4000da58     : 00000000`00000000 00000000`00000000 0000002a`3abdf400 0000002a`3abdf300 : combase!CClassCache::CDllPathEntry::Create+0xc8
(Inline Function)     : --------`-------- --------`-------- --------`-------- --------`-------- : combase!CClassCache::GetOrLoadDllPathEntryForWinrt+0x63b
00007ff8`4000bf61     : 00000000`00000000 00000000`00000000 00000000`00000000 0000002a`3abdf940 : combase!CClassCache::GetOrLoadWinRTInprocClass+0x718
[GBRESOLVE] func=kernelbase!GetProcAddress
rcx=00007ff841a40000
rdx=00007ff8333e66a8
00007ff8`333e66a8  "RtlDisownModuleHeapAllocation"
RetAddr               : Args to Child                                                           : Call Site
00007ff8`3323eae2     : 00007ff8`41a40000 0000002a`3abdf6c0 00007ff8`3342dce0 0000002a`3abdf219 : KERNELBASE!GetProcAddress
00007ff8`3323c9b7     : 0000002a`3abdf5a0 0000002a`3abdf219 00000000`00000000 00007ff8`3342c130 : twinapi_appcore!wil::details::ThreadFailureCallbackHolder::StartWatching+0x142
00007ff8`3323c07b     : 00000001`00000001 0000002a`3abdf5a8 0000002a`3abdf5a0 0000020f`f515a640 : twinapi_appcore!CoreApplicationProvider::AppCreation::StartActivity+0x11f
00007ff8`3323bc43     : 00007ff8`3342ec10 0000002a`3abdf7a0 0000003f`00090020 0000020f`f5000000 : twinapi_appcore!CoreApplicationProvider::AppCreation::Start<>+0xaf
00007ff8`3323bbf9     : 00007ff8`3342ec10 0000002a`3abdf7a0 0000020f`00000001 0000020f`00002000 : twinapi_appcore!Windows::ApplicationModel::Core::CoreApplication::CreateInternal+0x37
[GBRESOLVE] func=kernelbase!GetProcAddress
rcx=00007ff83ffa0000
rdx=00007ff8411bc448
00007ff8`411bc448  "NdrOleInitializeExtension"
RetAddr               : Args to Child                                                           : Call Site
00007ff8`4113d05a     : 00007ff8`3ffa0000 00007ff8`41ab9870 00000000`00000000 00000000`00000000 : KERNELBASE!GetProcAddress
00007ff8`4113cdd1     : 00007ff8`40215760 00007ff8`40263748 0000002a`3abdec30 00000000`00000000 : RPCRT4!NdrpLoadNdrOleExtension+0x196
00007ff8`400129c9     : 00000000`00000001 0000002a`3abdec20 00007ff8`3ffe0050 0000002a`3abdec20 : RPCRT4!NdrDllGetClassObject+0x31
(Inline Function)     : --------`-------- --------`-------- --------`-------- --------`-------- : combase!PrxDllGetClassObject+0x26
(Inline Function)     : --------`-------- --------`-------- --------`-------- --------`-------- : combase!ProxyDllGetClassObject+0x26
[GBRESOLVE] func=kernelbase!GetProcAddress
rcx=00007ff83ffa0000
rdx=00007ff840264ab8
00007ff8`40264ab8  "CoMarshalInterface"
RetAddr               : Args to Child                                                           : Call Site
00007ff8`400de374     : 00000000`00000000 00000000`0000000e 0000002a`00000000 00007ff8`4113d05a : KERNELBASE!GetProcAddress
00007ff8`400de2a5     : 00000000`00000000 00007ff8`3ffe0050 00000000`00000000 00000000`0000000e : combase!NdrLoadOleRoutines+0x2c
00007ff8`4113d07b     : 00000000`00000000 00007ff8`400de290 00000000`00000000 00000000`00000000 : combase!NdrOleInitializeExtension+0x15
00007ff8`4113cdd1     : 00007ff8`40215760 00007ff8`40263748 0000002a`3abdec30 00000000`00000000 : RPCRT4!NdrpLoadNdrOleExtension+0x1b7
00007ff8`400129c9     : 00000000`00000001 0000002a`3abdec20 00007ff8`3ffe0050 0000002a`3abdec20 : RPCRT4!NdrDllGetClassObject+0x31
[GBRESOLVE] func=kernelbase!GetProcAddress
rcx=00007ff83ffa0000
rdx=00007ff840271af0
00007ff8`40271af0  "CoUnmarshalInterface"
RetAddr               : Args to Child                                                           : Call Site
00007ff8`400de39e     : 0000002a`3abde9a0 00007ff8`3fffa170 0000002a`00000000 00007ff8`4113d05a : KERNELBASE!GetProcAddress
00007ff8`400de2a5     : 00000000`00000000 00007ff8`3ffe0050 00000000`00000000 00000000`0000000e : combase!NdrLoadOleRoutines+0x56
00007ff8`4113d07b     : 00000000`00000000 00007ff8`400de290 00000000`00000000 00000000`00000000 : combase!NdrOleInitializeExtension+0x15
00007ff8`4113cdd1     : 00007ff8`40215760 00007ff8`40263748 0000002a`3abdec30 00000000`00000000 : RPCRT4!NdrpLoadNdrOleExtension+0x1b7
00007ff8`400129c9     : 00000000`00000001 0000002a`3abdec20 00007ff8`3ffe0050 0000002a`3abdec20 : RPCRT4!NdrDllGetClassObject+0x31
[GBRESOLVE] func=kernelbase!GetProcAddress
rcx=00007ff83ffa0000
rdx=00007ff840271b08
00007ff8`40271b08  "StringFromIID"
RetAddr               : Args to Child                                                           : Call Site
00007ff8`400de3c8     : 0000002a`3abde9a0 00007ff8`3fffa9e0 0000002a`00000000 00007ff8`4113d05a : KERNELBASE!GetProcAddress
00007ff8`400de2a5     : 00000000`00000000 00007ff8`3ffe0050 00000000`00000000 00000000`0000000e : combase!NdrLoadOleRoutines+0x80
00007ff8`4113d07b     : 00000000`00000000 00007ff8`400de290 00000000`00000000 00000000`00000000 : combase!NdrOleInitializeExtension+0x15
00007ff8`4113cdd1     : 00007ff8`40215760 00007ff8`40263748 0000002a`3abdec30 00000000`00000000 : RPCRT4!NdrpLoadNdrOleExtension+0x1b7
00007ff8`400129c9     : 00000000`00000001 0000002a`3abdec20 00007ff8`3ffe0050 0000002a`3abdec20 : RPCRT4!NdrDllGetClassObject+0x31
[GBRESOLVE] func=kernelbase!GetProcAddress
rcx=00007ff83ffa0000
rdx=00007ff840271b18
00007ff8`40271b18  "CoTaskMemAlloc"
RetAddr               : Args to Child                                                           : Call Site
00007ff8`400de3f2     : 0000002a`3abde9a0 00007ff8`400f0f50 0000002a`00000000 00007ff8`4113d05a : KERNELBASE!GetProcAddress
00007ff8`400de2a5     : 00000000`00000000 00007ff8`3ffe0050 00000000`00000000 00000000`0000000e : combase!NdrLoadOleRoutines+0xaa
00007ff8`4113d07b     : 00000000`00000000 00007ff8`400de290 00000000`00000000 00000000`00000000 : combase!NdrOleInitializeExtension+0x15
00007ff8`4113cdd1     : 00007ff8`40215760 00007ff8`40263748 0000002a`3abdec30 00000000`00000000 : RPCRT4!NdrpLoadNdrOleExtension+0x1b7
00007ff8`400129c9     : 00000000`00000001 0000002a`3abdec20 00007ff8`3ffe0050 0000002a`3abdec20 : RPCRT4!NdrDllGetClassObject+0x31
[GBRESOLVE] func=kernelbase!GetProcAddress
rcx=00007ff83ffa0000
rdx=00007ff840271b28
00007ff8`40271b28  "CoTaskMemFree"
RetAddr               : Args to Child                                                           : Call Site
00007ff8`400de41c     : 0000002a`3abde9a0 00007ff8`4003fbf0 0000002a`00000000 00007ff8`4113d05a : KERNELBASE!GetProcAddress
00007ff8`400de2a5     : 00000000`00000000 00007ff8`3ffe0050 00000000`00000000 00000000`0000000e : combase!NdrLoadOleRoutines+0xd4
00007ff8`4113d07b     : 00000000`00000000 00007ff8`400de290 00000000`00000000 00000000`00000000 : combase!NdrOleInitializeExtension+0x15
00007ff8`4113cdd1     : 00007ff8`40215760 00007ff8`40263748 0000002a`3abdec30 00000000`00000000 : RPCRT4!NdrpLoadNdrOleExtension+0x1b7
00007ff8`400129c9     : 00000000`00000001 0000002a`3abdec20 00007ff8`3ffe0050 0000002a`3abdec20 : RPCRT4!NdrDllGetClassObject+0x31
[GBRESOLVE] func=kernelbase!GetProcAddress
rcx=00007ff83ffa0000
rdx=00007ff840271b50
00007ff8`40271b50  "CoCreateInstance"
RetAddr               : Args to Child                                                           : Call Site
00007ff8`400de442     : 0000002a`3abde9a0 00007ff8`40017a20 0000002a`00000000 00007ff8`4113d05a : KERNELBASE!GetProcAddress
00007ff8`400de2a5     : 00000000`00000000 00007ff8`3ffe0050 00000000`00000000 00000000`0000000e : combase!NdrLoadOleRoutines+0xfa
00007ff8`4113d07b     : 00000000`00000000 00007ff8`400de290 00000000`00000000 00000000`00000000 : combase!NdrOleInitializeExtension+0x15
00007ff8`4113cdd1     : 00007ff8`40215760 00007ff8`40263748 0000002a`3abdec30 00000000`00000000 : RPCRT4!NdrpLoadNdrOleExtension+0x1b7
00007ff8`400129c9     : 00000000`00000001 0000002a`3abdec20 00007ff8`3ffe0050 0000002a`3abdec20 : RPCRT4!NdrDllGetClassObject+0x31
[GBRESOLVE] func=kernelbase!GetProcAddress
rcx=00007ff83ffa0000
rdx=00007ff840271b38
00007ff8`40271b38  "CoReleaseMarshalData"
RetAddr               : Args to Child                                                           : Call Site
00007ff8`400de468     : 0000002a`3abde9a0 00007ff8`40018990 0000002a`00000000 00007ff8`4113d05a : KERNELBASE!GetProcAddress
00007ff8`400de2a5     : 00000000`00000000 00007ff8`3ffe0050 00000000`00000000 00000000`0000000e : combase!NdrLoadOleRoutines+0x120
00007ff8`4113d07b     : 00000000`00000000 00007ff8`400de290 00000000`00000000 00000000`00000000 : combase!NdrOleInitializeExtension+0x15
00007ff8`4113cdd1     : 00007ff8`40215760 00007ff8`40263748 0000002a`3abdec30 00000000`00000000 : RPCRT4!NdrpLoadNdrOleExtension+0x1b7
00007ff8`400129c9     : 00000000`00000001 0000002a`3abdec20 00007ff8`3ffe0050 0000002a`3abdec20 : RPCRT4!NdrDllGetClassObject+0x31
[GBRESOLVE] func=kernelbase!LoadLibraryExW
0000020f`f517ca70  "C:\Windows\System32\Windows.Glob"
0000020f`f517cab0  "alization.dll"
RetAddr               : Args to Child                                                           : Call Site
00007ff8`3ffe4a85     : 0000020f`f5151640 00007ff6`6f6dfcc0 00000000`4db7b0fe 00007ff8`3ffddd61 : KERNELBASE!LoadLibraryExW
00007ff8`3ffe4573     : 00000000`00000000 0000002a`3abdf600 0000020f`f51743c0 0000020f`f517ca70 : combase!LoadLibraryWithLogging+0x2d
(Inline Function)     : --------`-------- --------`-------- --------`-------- --------`-------- : combase!CClassCache::CDllPathEntry::LoadDll::__l4::<lambda_eebf69f5a3250f8786ebc7c3378db176>::operator()+0x15
(Inline Function)     : --------`-------- --------`-------- --------`-------- --------`-------- : combase!DoImmediateCallback+0x1e
(Inline Function)     : --------`-------- --------`-------- --------`-------- --------`-------- : combase!CClassCache::CDllPathEntry::LoadDll+0x2e
ModLoad: 00007ff8`241a0000 00007ff8`24338000   C:\Windows\System32\Windows.Globalization.dll
[GBRESOLVE] func=kernelbase!GetProcAddress
rcx=00007ff83eb70000
rdx=00007ff8242e8a08
00007ff8`242e8a08  "SleepConditionVariableCS"
RetAddr               : Args to Child                                                           : Call Site
00007ff8`24230666     : 00007ff8`3eb70000 00000000`00000000 029c6fbf`00000001 9c002400`00000000 : KERNELBASE!GetProcAddress
(Inline Function)     : --------`-------- --------`-------- --------`-------- --------`-------- : Windows_Globalization!__scrt_initialize_thread_safe_statics_platform_specific+0x4c
00007ff8`3f1632b2     : 00007ff8`242dc5c8 00000000`7ffe0385 00000000`00000000 00007ff8`41aaf51d : Windows_Globalization!__scrt_initialize_thread_safe_statics+0x56
00007ff8`2422fde2     : 00000000`7ffe0300 0000002a`3abdf260 00000000`00000000 00000000`00000001 : ucrtbase!initterm_e+0x92
00007ff8`2422ff7b     : 00000000`7ffe0385 00000000`00000000 00000000`00000000 00000000`00000001 : Windows_Globalization!dllmain_crt_process_attach+0x7a
[GBRESOLVE] func=kernelbase!GetProcAddress
rcx=00007ff83eb70000
rdx=00007ff8242e8a28
00007ff8`242e8a28  "WakeAllConditionVariable"
RetAddr               : Args to Child                                                           : Call Site
00007ff8`24230679     : 00007ff8`3f163370 00007ff8`3ec48160 029c6fbf`00000001 9c002400`00000000 : KERNELBASE!GetProcAddress
(Inline Function)     : --------`-------- --------`-------- --------`-------- --------`-------- : Windows_Globalization!__scrt_initialize_thread_safe_statics_platform_specific+0x5f
00007ff8`3f1632b2     : 00007ff8`242dc5c8 00000000`7ffe0385 00000000`00000000 00007ff8`41aaf51d : Windows_Globalization!__scrt_initialize_thread_safe_statics+0x69
00007ff8`2422fde2     : 00000000`7ffe0300 0000002a`3abdf260 00000000`00000000 00000000`00000001 : ucrtbase!initterm_e+0x92
00007ff8`2422ff7b     : 00000000`7ffe0385 00000000`00000000 00000000`00000000 00000000`00000001 : Windows_Globalization!dllmain_crt_process_attach+0x7a
[GBRESOLVE] func=kernelbase!GetProcAddress
rcx=00007ff8241a0000
rdx=00007ff8402637d0
00007ff8`402637d0  "DllGetClassObject"
RetAddr               : Args to Child                                                           : Call Site
00007ff8`3ffe458f     : 00000000`00000000 0000002a`3abdf600 0000020f`f51743c0 0000020f`f517ca70 : KERNELBASE!GetProcAddress
(Inline Function)     : --------`-------- --------`-------- --------`-------- --------`-------- : combase!CClassCache::CDllPathEntry::LoadDll+0x4a
00007ff8`4000da58     : 00000000`00000000 00000000`00000000 0000002a`3abdf700 0000002a`3abdf600 : combase!CClassCache::CDllPathEntry::Create+0x8b
(Inline Function)     : --------`-------- --------`-------- --------`-------- --------`-------- : combase!CClassCache::GetOrLoadDllPathEntryForWinrt+0x63b
00007ff8`4000bf61     : 00000000`00000000 00000000`00000000 00000000`00000000 0000002a`3abdfbc8 : combase!CClassCache::GetOrLoadWinRTInprocClass+0x718
[GBRESOLVE] func=kernelbase!GetProcAddress
rcx=00007ff8241a0000
rdx=00007ff8402637e8
00007ff8`402637e8  "DllGetActivationFactory"
RetAddr               : Args to Child                                                           : Call Site
00007ff8`3ffe45a9     : 0000002a`3abdf600 00007ff8`24226730 0000020f`f51743c0 0000020f`f517ca70 : KERNELBASE!GetProcAddress
(Inline Function)     : --------`-------- --------`-------- --------`-------- --------`-------- : combase!CClassCache::CDllPathEntry::LoadDll+0x64
00007ff8`4000da58     : 00000000`00000000 00000000`00000000 0000002a`3abdf700 0000002a`3abdf600 : combase!CClassCache::CDllPathEntry::Create+0xa5
(Inline Function)     : --------`-------- --------`-------- --------`-------- --------`-------- : combase!CClassCache::GetOrLoadDllPathEntryForWinrt+0x63b
00007ff8`4000bf61     : 00000000`00000000 00000000`00000000 00000000`00000000 0000002a`3abdfbc8 : combase!CClassCache::GetOrLoadWinRTInprocClass+0x718
[GBRESOLVE] func=kernelbase!GetProcAddress
rcx=00007ff8241a0000
rdx=00007ff840263800
00007ff8`40263800  "DllCanUnloadNow"
RetAddr               : Args to Child                                                           : Call Site
00007ff8`3ffe45cc     : 0000002a`3abdf600 00007ff8`241d8800 0000020f`f51743c0 0000020f`f517ca70 : KERNELBASE!GetProcAddress
(Inline Function)     : --------`-------- --------`-------- --------`-------- --------`-------- : combase!CClassCache::CDllPathEntry::LoadDll+0x87
00007ff8`4000da58     : 00000000`00000000 00000000`00000000 0000002a`3abdf700 0000002a`3abdf600 : combase!CClassCache::CDllPathEntry::Create+0xc8
(Inline Function)     : --------`-------- --------`-------- --------`-------- --------`-------- : combase!CClassCache::GetOrLoadDllPathEntryForWinrt+0x63b
00007ff8`4000bf61     : 00000000`00000000 00000000`00000000 00000000`00000000 0000002a`3abdfbc8 : combase!CClassCache::GetOrLoadWinRTInprocClass+0x718
ModLoad: 00007ff8`29110000 00007ff8`2916e000   C:\WINDOWS\SYSTEM32\Bcp47Langs.dll
[GBRESOLVE] func=kernelbase!GetProcAddress
rcx=00007ff841a40000
rdx=00007ff829156c18
00007ff8`29156c18  "RtlRegisterFeatureConfigurationC"
00007ff8`29156c38  "hangeNotification"
RetAddr               : Args to Child                                                           : Call Site
00007ff8`2913294c     : 0000002a`3abdfa00 00000000`00000000 0000002a`3abdf770 00000000`00000000 : KERNELBASE!GetProcAddress
00007ff8`291300d9     : 00007ff8`29164058 00007ff8`29164798 0000020f`f517fa80 00007ff8`2911e7b2 : Bcp47Langs!wil_details_RtlRegisterFeatureConfigurationChangeNotification+0x30
00007ff8`2912fb66     : 00007ff8`29164780 0000002a`3abdfc09 00007ff8`29164798 00007ff8`29164778 : Bcp47Langs!wil::details::FeatureStateManager::SubscribeToEnabledStateChanges+0x61
00007ff8`2912950b     : 00007ff8`29164780 0000002a`3abdf7c8 00000000`00000000 00000000`00000000 : Bcp47Langs!wil::details::EnabledStateManager::EnsureSubscribedToFeatureConfigurationChangesImpl+0x8a
00007ff8`2912927d     : 0000020f`f517faa0 0000020f`f517faa0 00000000`0000003b 0000020f`f517faa0 : Bcp47Langs!wil::details::EnsureSubscribedToFeatureConfigurationChanges+0x1b
[GBRESOLVE] func=kernelbase!GetProcAddress
rcx=00007ff841a40000
rdx=00007ff829156b30
00007ff8`29156b30  "RtlDisownModuleHeapAllocation"
RetAddr               : Args to Child                                                           : Call Site
00007ff8`29131677     : 00007ff8`41a40000 00000000`00000040 0000020f`f5000000 00000000`00000000 : KERNELBASE!GetProcAddress
00007ff8`2912a86e     : 00007ff8`291640a8 0000002a`3abdf6a0 00007ff8`29164038 0000020f`f51716b0 : Bcp47Langs!wil::details::ProcessHeapAlloc+0x77
00007ff8`2912a590     : 00000000`29164000 00007ff8`291640a8 0000002a`3abdf6a0 00000000`00000010 : Bcp47Langs!wil::details_abi::heap_buffer::reserve+0x42
00007ff8`2912a538     : 00007ff8`291640a8 00007ff8`29164798 00007ff8`29130610 00000000`00000000 : Bcp47Langs!wil::details_abi::heap_buffer::push_back+0x20
00007ff8`291300ef     : 00007ff8`29164058 00007ff8`29164798 0000020f`f517fa80 00007ff8`2911e7b2 : Bcp47Langs!wil::details_abi::SubscriptionList::SubscribeUnderLock+0x64
[GBRESOLVE] func=kernelbase!GetProcAddress
rcx=00007ff841a40000
rdx=00007ff829156bf8
00007ff8`29156bf8  "RtlQueryFeatureConfiguration"
RetAddr               : Args to Child                                                           : Call Site
00007ff8`29137421     : 00000000`00000000 0000020f`f5000000 0000020f`f517e1e0 00007ff8`2913069b : KERNELBASE!GetProcAddress
00007ff8`291291ae     : 00007ff8`291640a8 0000002a`3abdf6a0 00007ff8`29164f58 00000000`00000010 : Bcp47Langs!wil_RtlStagingConfig_QueryFeatureState+0x5d
00007ff8`291290d0     : 0000002a`3abdf798 0000002a`3abdfc09 0000002a`3abdfc09 00007ff8`00000000 : Bcp47Langs!wil::details::IsFeatureConfigured+0xb2
00007ff8`29129629     : 00007ff8`29164780 0000002a`3abdf7c8 00000000`00000000 00000000`00000000 : Bcp47Langs!wil::details::WilApiImpl_GetFeatureEnabledState+0x40
00007ff8`29129293     : 0000002a`3abdf7c8 0000002a`3abdfc09 00000000`00000001 0000020f`f517faa0 : Bcp47Langs!wil::details::FeatureImpl<__WilFeatureTraits_Feature_DecoupledLanguageAndKeyboardSettings>::GetCurrentFeatureEnabledState+0x21
[GBRESOLVE] func=kernelbase!GetProcAddress
rcx=00007ff841a40000
rdx=00007ff829156bb8
00007ff8`29156bb8  "RtlDllShutdownInProgress"
RetAddr               : Args to Child                                                           : Call Site
00007ff8`291316e0     : 00000000`0214ba08 00007ff8`29129158 0000020f`f5000014 0000020f`f517e300 : KERNELBASE!GetProcAddress
00007ff8`29129a78     : 00000000`00000000 0000002a`3abdf6f0 0000020f`f517e1e0 00007ff8`2913069b : Bcp47Langs!wil::details::RtlDllShutdownInProgress+0x20
00007ff8`2912981c     : 0000002a`3abdfa00 00000000`00000000 00000000`00000000 00007ff8`2913069b : Bcp47Langs!wil::ProcessShutdownInProgress+0x2c
00007ff8`29128fe7     : 00000000`00000006 00000000`00000001 00007ff8`29165118 0000020f`f517e300 : Bcp47Langs!wil::details::EnabledStateManager::QueueBackgroundUsageReporting+0x3c
00007ff8`29128ef9     : 00000000`012bb9e6 0000002a`3abdfc09 00000000`00000000 00007ff8`2912a63f : Bcp47Langs!wil::details::ReportUsageToServiceDirect+0x93
[GBRESOLVE] func=kernelbase!GetProcAddress
rcx=00007ff83eb70000
rdx=00007ff829156ca0
00007ff8`29156ca0  "LogStagedFeatureUsage"
RetAddr               : Args to Child                                                           : Call Site
00007ff8`29137173     : 00007ff8`3eb70000 00007ff8`29164780 00000000`00000001 00000000`00000000 : KERNELBASE!GetProcAddress
00007ff8`2913756e     : 00000000`00000002 00000000`00000001 00007ff8`291301c0 00007ff8`29165118 : Bcp47Langs!wil_details_GetKernelBaseProcAddress+0x47
00007ff8`29129066     : 00000000`00000006 00000000`00000000 00000000`00000000 0000020f`f517e300 : Bcp47Langs!wil_StagingConfig_LogStagedFeatureUsage+0x2e
00007ff8`29128ef9     : 00000000`012bb9e6 0000002a`3abdfc09 00000000`00000000 00007ff8`2912a63f : Bcp47Langs!wil::details::ReportUsageToServiceDirect+0x112
00007ff8`29128e02     : 00007ff8`29165110 00000000`00000000 00007ff8`29165110 00007ff8`29129355 : Bcp47Langs!wil::details::ReportUsageToService+0x49
[GBRESOLVE] func=kernelbase!LoadLibraryExW
0000002a`3abdefc0  "tzres.dll"
RetAddr               : Args to Child                                                           : Call Site
00007ff8`3eb8273f     : 00000000`00000009 0000002a`3abdf254 00000000`00000000 00000000`00000001 : KERNELBASE!LoadLibraryExW
00007ff8`3eb83f57     : 00000000`00000098 00000000`00000000 0000020f`00000001 0000002a`3abdf450 : KERNELBASE!ConvertTimeZoneMuiStrings+0x2cf
00007ff8`241cd3f8     : 0000020f`f5000014 0000002a`3abdf658 0000020f`f512ba10 00007ff8`3f2288c0 : KERNELBASE!GetDynamicTimeZoneInformation+0x1d7
00007ff8`241bb3f8     : 00007ff8`24317030 0000020f`f5167ec0 0000020f`f5167ec0 0000002a`3abdf6f8 : Windows_Globalization!Windows::Globalization::TimeZone::TimeZoneCache::GetDefault+0x48
00007ff8`241b9456     : 0000020f`00000001 0000002a`3abdf708 0000020f`f51850b0 0000020f`f5159250 : Windows_Globalization!Microsoft::WRL::Details::MakeAndInitialize<Windows::Globalization::Calendar,Windows::Globalization::Calendar,Windows::Foundation::Collections::IIterable<HSTRING__ *> * &,HSTRING__ * &,HSTRING__ * &>+0x7c
[GBRESOLVE] func=kernelbase!LoadLibraryExW
0000002a`3abdefc0  "tzres.dll"
RetAddr               : Args to Child                                                           : Call Site
00007ff8`3eb82872     : 00000000`00000009 0000002a`3abdf254 0000002a`3abdf2a8 00000000`00000001 : KERNELBASE!LoadLibraryExW
00007ff8`3eb83f57     : 00000000`00000098 00000000`00000000 0000020f`00000001 0000002a`3abdf450 : KERNELBASE!ConvertTimeZoneMuiStrings+0x402
00007ff8`241cd3f8     : 0000020f`f5000014 0000002a`3abdf658 0000020f`f512ba10 00007ff8`3f2288c0 : KERNELBASE!GetDynamicTimeZoneInformation+0x1d7
00007ff8`241bb3f8     : 00007ff8`24317030 0000020f`f5167ec0 0000020f`f5167ec0 0000002a`3abdf6f8 : Windows_Globalization!Windows::Globalization::TimeZone::TimeZoneCache::GetDefault+0x48
00007ff8`241b9456     : 0000020f`00000001 0000002a`3abdf708 0000020f`f51850b0 0000020f`f5159250 : Windows_Globalization!Microsoft::WRL::Details::MakeAndInitialize<Windows::Globalization::Calendar,Windows::Globalization::Calendar,Windows::Foundation::Collections::IIterable<HSTRING__ *> * &,HSTRING__ * &,HSTRING__ * &>+0x7c
[GBRESOLVE] func=kernelbase!LoadLibraryExW
00007ff8`3ee0b970  "ntdll.dll"
RetAddr               : Args to Child                                                           : Call Site
00007ff8`3eb9d63e     : 00007ff8`41bbb5d0 00000000`0000003c 0000002a`3abdeb20 0000020f`f50002c0 : KERNELBASE!LoadLibraryExW
00007ff8`3eb9cdb3     : 0000020f`f5182098 00000000`00000000 00000000`0000003c 0000002a`3abdec40 : KERNELBASE!Common::StateSeparation::GetRegKeyContainingValue+0x43e
00007ff8`3eb9ead7     : 00000000`00000000 00000000`0000003c 00000000`00000000 0000002a`3abdec20 : KERNELBASE!ARI::Internal::GetSystemMetadataPath+0x73
00007ff8`40049b15     : 00000000`00650077 00000000`00000000 00000000`00000000 00000000`00000000 : KERNELBASE!GetSystemMetadataPathForPackage+0xd7
00007ff8`3ffbdb85     : 0000002a`3abdeec0 0000020f`f510c78c 0000002a`3abdee10 0000020f`f5182050 : combase!RegistrationStoreData::PrivateHive::GetMachineHivePath+0x85
[GBRESOLVE] func=kernelbase!GetProcAddress
rcx=00007ff841a40000
rdx=00007ff83ee0bb50
00007ff8`3ee0bb50  "RtlIsStateSeparationEnabled"
RetAddr               : Args to Child                                                           : Call Site
00007ff8`3eb9d655     : 00007ff8`00000000 00000000`0000003c 0000002a`3abdeb20 00000000`00000000 : KERNELBASE!GetProcAddress
00007ff8`3eb9cdb3     : 0000020f`f5182098 00000000`00000000 00000000`0000003c 0000002a`3abdec40 : KERNELBASE!Common::StateSeparation::GetRegKeyContainingValue+0x455
00007ff8`3eb9ead7     : 00000000`00000000 00000000`0000003c 00000000`00000000 0000002a`3abdec20 : KERNELBASE!ARI::Internal::GetSystemMetadataPath+0x73
00007ff8`40049b15     : 00000000`00650077 00000000`00000000 00000000`00000000 00000000`00000000 : KERNELBASE!GetSystemMetadataPathForPackage+0xd7
00007ff8`3ffbdb85     : 0000002a`3abdeec0 0000020f`f510c78c 0000002a`3abdee10 0000020f`f5182050 : combase!RegistrationStoreData::PrivateHive::GetMachineHivePath+0x85
[GBRESOLVE] func=kernelbase!GetProcAddress
rcx=00007ff83ffa0000
rdx=00007ff840264ab8
00007ff8`40264ab8  "CoMarshalInterface"
RetAddr               : Args to Child                                                           : Call Site
00007ff8`400de374     : 00000000`00000000 00000000`00000000 00000000`00000000 00000000`00000000 : KERNELBASE!GetProcAddress
00007ff8`400de305     : 00000000`00000000 00000000`00000000 00000000`00000000 00000000`00000000 : combase!NdrLoadOleRoutines+0x2c
(Inline Function)     : --------`-------- --------`-------- --------`-------- --------`-------- : combase!NdrpGetRpcHelper::__l2::<lambda_634f24f525c907bb1a0fea3faf333619>::operator()+0x5
00007ff8`41a76e75     : 00007ff8`402d8c28 00007ff8`411bbe4c 00000000`000005c8 00007ff8`411209c9 : combase!<lambda_634f24f525c907bb1a0fea3faf333619>::<lambda_invoker_cdecl>+0x15
00007ff8`3ec0e941     : 00000000`00000000 0000002a`3b1fdb90 0000002a`3b1fddb0 00000000`00000000 : ntdll!RtlRunOnceExecuteOnce+0x65
[GBRESOLVE] func=kernelbase!GetProcAddress
rcx=00007ff83ffa0000
rdx=00007ff840271af0
00007ff8`40271af0  "CoUnmarshalInterface"
RetAddr               : Args to Child                                                           : Call Site
00007ff8`400de39e     : 00007ff8`3ec773a0 00007ff8`3fffa170 00000000`00000000 00000000`00000000 : KERNELBASE!GetProcAddress
00007ff8`400de305     : 00000000`00000000 00000000`00000000 00000000`00000000 00000000`00000000 : combase!NdrLoadOleRoutines+0x56
(Inline Function)     : --------`-------- --------`-------- --------`-------- --------`-------- : combase!NdrpGetRpcHelper::__l2::<lambda_634f24f525c907bb1a0fea3faf333619>::operator()+0x5
00007ff8`41a76e75     : 00007ff8`402d8c28 00007ff8`411bbe4c 00000000`000005c8 00007ff8`411209c9 : combase!<lambda_634f24f525c907bb1a0fea3faf333619>::<lambda_invoker_cdecl>+0x15
00007ff8`3ec0e941     : 00000000`00000000 0000002a`3b1fdb90 0000002a`3b1fddb0 00000000`00000000 : ntdll!RtlRunOnceExecuteOnce+0x65
[GBRESOLVE] func=kernelbase!GetProcAddress
rcx=00007ff83ffa0000
rdx=00007ff840271b08
00007ff8`40271b08  "StringFromIID"
RetAddr               : Args to Child                                                           : Call Site
00007ff8`400de3c8     : 00007ff8`3ec773a0 00007ff8`3fffa9e0 00000000`00000000 00000000`00000000 : KERNELBASE!GetProcAddress
00007ff8`400de305     : 00000000`00000000 00000000`00000000 00000000`00000000 00000000`00000000 : combase!NdrLoadOleRoutines+0x80
(Inline Function)     : --------`-------- --------`-------- --------`-------- --------`-------- : combase!NdrpGetRpcHelper::__l2::<lambda_634f24f525c907bb1a0fea3faf333619>::operator()+0x5
00007ff8`41a76e75     : 00007ff8`402d8c28 00007ff8`411bbe4c 00000000`000005c8 00007ff8`411209c9 : combase!<lambda_634f24f525c907bb1a0fea3faf333619>::<lambda_invoker_cdecl>+0x15
00007ff8`3ec0e941     : 00000000`00000000 0000002a`3b1fdb90 0000002a`3b1fddb0 00000000`00000000 : ntdll!RtlRunOnceExecuteOnce+0x65
[GBRESOLVE] func=kernelbase!GetProcAddress
rcx=00007ff83ffa0000
rdx=00007ff840271b18
00007ff8`40271b18  "CoTaskMemAlloc"
RetAddr               : Args to Child                                                           : Call Site
00007ff8`400de3f2     : 00007ff8`3ec773a0 00007ff8`400f0f50 00000000`00000000 00000000`00000000 : KERNELBASE!GetProcAddress
00007ff8`400de305     : 00000000`00000000 00000000`00000000 00000000`00000000 00000000`00000000 : combase!NdrLoadOleRoutines+0xaa
(Inline Function)     : --------`-------- --------`-------- --------`-------- --------`-------- : combase!NdrpGetRpcHelper::__l2::<lambda_634f24f525c907bb1a0fea3faf333619>::operator()+0x5
00007ff8`41a76e75     : 00007ff8`402d8c28 00007ff8`411bbe4c 00000000`000005c8 00007ff8`411209c9 : combase!<lambda_634f24f525c907bb1a0fea3faf333619>::<lambda_invoker_cdecl>+0x15
00007ff8`3ec0e941     : 00000000`00000000 0000002a`3b1fdb90 0000002a`3b1fddb0 00000000`00000000 : ntdll!RtlRunOnceExecuteOnce+0x65
[GBRESOLVE] func=kernelbase!GetProcAddress
rcx=00007ff83ffa0000
rdx=00007ff840271b28
00007ff8`40271b28  "CoTaskMemFree"
RetAddr               : Args to Child                                                           : Call Site
00007ff8`400de41c     : 00007ff8`3ec773a0 00007ff8`4003fbf0 00000000`00000000 00000000`00000000 : KERNELBASE!GetProcAddress
00007ff8`400de305     : 00000000`00000000 00000000`00000000 00000000`00000000 00000000`00000000 : combase!NdrLoadOleRoutines+0xd4
(Inline Function)     : --------`-------- --------`-------- --------`-------- --------`-------- : combase!NdrpGetRpcHelper::__l2::<lambda_634f24f525c907bb1a0fea3faf333619>::operator()+0x5
00007ff8`41a76e75     : 00007ff8`402d8c28 00007ff8`411bbe4c 00000000`000005c8 00007ff8`411209c9 : combase!<lambda_634f24f525c907bb1a0fea3faf333619>::<lambda_invoker_cdecl>+0x15
00007ff8`3ec0e941     : 00000000`00000000 0000002a`3b1fdb90 0000002a`3b1fddb0 00000000`00000000 : ntdll!RtlRunOnceExecuteOnce+0x65
[GBRESOLVE] func=kernelbase!GetProcAddress
rcx=00007ff83ffa0000
rdx=00007ff840271b50
00007ff8`40271b50  "CoCreateInstance"
RetAddr               : Args to Child                                                           : Call Site
00007ff8`400de442     : 00007ff8`3ec773a0 00007ff8`40017a20 00000000`00000000 00000000`00000000 : KERNELBASE!GetProcAddress
00007ff8`400de305     : 00000000`00000000 00000000`00000000 00000000`00000000 00000000`00000000 : combase!NdrLoadOleRoutines+0xfa
(Inline Function)     : --------`-------- --------`-------- --------`-------- --------`-------- : combase!NdrpGetRpcHelper::__l2::<lambda_634f24f525c907bb1a0fea3faf333619>::operator()+0x5
00007ff8`41a76e75     : 00007ff8`402d8c28 00007ff8`411bbe4c 00000000`000005c8 00007ff8`411209c9 : combase!<lambda_634f24f525c907bb1a0fea3faf333619>::<lambda_invoker_cdecl>+0x15
00007ff8`3ec0e941     : 00000000`00000000 0000002a`3b1fdb90 0000002a`3b1fddb0 00000000`00000000 : ntdll!RtlRunOnceExecuteOnce+0x65
[GBRESOLVE] func=kernelbase!GetProcAddress
rcx=00007ff83ffa0000
rdx=00007ff840271b38
00007ff8`40271b38  "CoReleaseMarshalData"
RetAddr               : Args to Child                                                           : Call Site
00007ff8`400de468     : 00007ff8`3ec773a0 00007ff8`40018990 00000000`00000000 00000000`00000000 : KERNELBASE!GetProcAddress
00007ff8`400de305     : 00000000`00000000 00000000`00000000 00000000`00000000 00000000`00000000 : combase!NdrLoadOleRoutines+0x120
(Inline Function)     : --------`-------- --------`-------- --------`-------- --------`-------- : combase!NdrpGetRpcHelper::__l2::<lambda_634f24f525c907bb1a0fea3faf333619>::operator()+0x5
00007ff8`41a76e75     : 00007ff8`402d8c28 00007ff8`411bbe4c 00000000`000005c8 00007ff8`411209c9 : combase!<lambda_634f24f525c907bb1a0fea3faf333619>::<lambda_invoker_cdecl>+0x15
00007ff8`3ec0e941     : 00000000`00000000 0000002a`3b1fdb90 0000002a`3b1fddb0 00000000`00000000 : ntdll!RtlRunOnceExecuteOnce+0x65
ModLoad: 00007ff8`3b760000 00007ff8`3b885000   C:\WINDOWS\SYSTEM32\CoreMessaging.dll
[GBRESOLVE] func=kernelbase!LoadLibraryExW
0000020f`f5185e20  "api-ms-win-core-com-l1-1-0.dll"
RetAddr               : Args to Child                                                           : Call Site
00007ff8`3eb84324     : 0000002a`3b5ff540 00007ff8`0000003c 0000020f`f518ec01 00007ff8`0000003c : KERNELBASE!LoadLibraryExW
00007ff8`3b7d3d14     : 00000000`00000000 00000000`00000000 00000000`00000000 00000000`00000000 : KERNELBASE!LoadLibraryExA+0x64
00007ff8`3b7f48fc     : 0000002a`00000000 0000020f`f518eca8 0000020f`f518ecb0 0000020f`f518eca8 : CoreMessaging!_delayLoadHelper2+0x184
00007ff8`3b7c9c66     : 00000000`00000000 0000002a`3b5ff6b0 00000000`00000060 affbfff7`affbfff7 : CoreMessaging!_tailMerge_api_ms_win_core_com_l1_1_0_dll+0x3f
00007ff8`3b7c9c0e     : 00000000`00000000 0000020f`f518eca8 0000002a`3b5ff768 0000020f`f518eca8 : CoreMessaging!Microsoft::WRL::FtmBase::FtmBase+0x46
[GBRESOLVE] func=kernelbase!GetProcAddress
rcx=00007ff83ffa0000
rdx=00007ff83b863646
00007ff8`3b863646  "CoCreateFreeThreadedMarshaler"
RetAddr               : Args to Child                                                           : Call Site
00007ff8`3b7d3ce1     : 00000000`00000000 00000000`00000000 00000000`00000000 00000000`00000000 : KERNELBASE!GetProcAddress
00007ff8`3b7f48fc     : 0000002a`00000000 0000020f`f518eca8 0000020f`f518ecb0 0000020f`f518eca8 : CoreMessaging!_delayLoadHelper2+0x151
00007ff8`3b7c9c66     : 00000000`00000000 0000002a`3b5ff6b0 00000000`00000060 affbfff7`affbfff7 : CoreMessaging!_tailMerge_api_ms_win_core_com_l1_1_0_dll+0x3f
00007ff8`3b7c9c0e     : 00000000`00000000 0000020f`f518eca8 0000002a`3b5ff768 0000020f`f518eca8 : CoreMessaging!Microsoft::WRL::FtmBase::FtmBase+0x46
00007ff8`3b7c9b7d     : 0000020f`f55076a8 00007ff8`3b7c9933 ffffffff`fffffffe 0000020f`f512c6e0 : CoreMessaging!Microsoft::WRL::Details::ImplementsHelper<Microsoft::WRL::RuntimeClassFlags<1>,1,IWeakReferenceSource,Microsoft::WRL::FtmBase>::ImplementsHelper<Microsoft::WRL::RuntimeClassFlags<1>,1,IWeakReferenceSource,Microsoft::WRL::FtmBase>+0x12
[GBRESOLVE] func=kernelbase!LoadLibraryExW
0000020f`f518d840  "api-ms-win-security-sddl-l1-1-0."
0000020f`f518d880  "dll"
RetAddr               : Args to Child                                                           : Call Site
00007ff8`3eb84324     : 0000002a`3b5ff010 00007ff8`00000046 0000020f`f518dc01 00007ff8`00000046 : KERNELBASE!LoadLibraryExW
00007ff8`3b7d3d14     : 00000000`00000000 00007ff8`3b7dbfa0 00000000`00000005 00000000`00002002 : KERNELBASE!LoadLibraryExA+0x64
00007ff8`3b7f44d0     : 00000000`00000000 00000000`000020a0 00000000`00000000 0000020f`f518dcc0 : CoreMessaging!_delayLoadHelper2+0x184
00007ff8`3b7905b6     : 00007ff8`3b845480 00000000`00000001 0000002a`3b5ff188 00000000`00000000 : CoreMessaging!_tailMerge_api_ms_win_security_sddl_l1_1_0_dll+0x3f
00007ff8`3b791555     : 0000020f`f518dcc0 00000000`000020a0 0000020f`f51857b0 0000020f`f515c838 : CoreMessaging!Microsoft::CoreUI::Registrar::AlpcClientAdapter::CreatePort+0x9a
[GBRESOLVE] func=kernelbase!GetProcAddress
rcx=00007ff83fef0000
rdx=00007ff83b8633c4
00007ff8`3b8633c4  "ConvertStringSecurityDescriptorT"
00007ff8`3b8633e4  "oSecurityDescriptorW"
RetAddr               : Args to Child                                                           : Call Site
00007ff8`3b7d3ce1     : 00000000`00000000 00007ff8`3b7dbfa0 00000000`00000005 00000000`00002002 : KERNELBASE!GetProcAddress
00007ff8`3b7f44d0     : 00000000`00000000 00000000`000020a0 00000000`00000000 0000020f`f518dcc0 : CoreMessaging!_delayLoadHelper2+0x151
00007ff8`3b7905b6     : 00007ff8`3b845480 00000000`00000001 0000002a`3b5ff188 00000000`00000000 : CoreMessaging!_tailMerge_api_ms_win_security_sddl_l1_1_0_dll+0x3f
00007ff8`3b791555     : 0000020f`f518dcc0 00000000`000020a0 0000020f`f51857b0 0000020f`f515c838 : CoreMessaging!Microsoft::CoreUI::Registrar::AlpcClientAdapter::CreatePort+0x9a
00007ff8`3b79132b     : 00000000`00000000 0000020f`f5185790 00000000`000020a0 0000020f`f51857b0 : CoreMessaging!Microsoft::CoreUI::Registrar::AlpcClientAdapter::Connect+0x79
[GBRESOLVE] func=kernelbase!LoadLibraryExW
0000020f`f51b7220  "ext-ms-win-rtcore-ntuser-window-"
0000020f`f51b7260  "ext-l1-1-0.dll"
RetAddr               : Args to Child                                                           : Call Site
00007ff8`3eb84324     : 0000002a`3b5ff390 00007ff8`0000005c 0000020f`f518e101 00007ff8`0000005c : KERNELBASE!LoadLibraryExW
00007ff8`3b7d3d14     : 00000000`00000000 0000002a`00000000 0000020f`f510d470 00000000`00000000 : KERNELBASE!LoadLibraryExA+0x64
00007ff8`3b7f3cd1     : 00002678`00000000 0000020f`f5173d80 00000000`00000001 0000020f`f518e140 : CoreMessaging!_delayLoadHelper2+0x184
00007ff8`3b7bfb62     : 00000000`00000000 0000020f`f4270200 7fffffff`fffffffc 0000002a`3ade7000 : CoreMessaging!_tailMerge_ext_ms_win_rtcore_ntuser_window_ext_l1_1_0_dll+0x3f
00007ff8`3b7bf24a     : ffffffff`ffffffff 00007ff8`3b793200 ffffffff`ffffffff 00000000`00000000 : CoreMessaging!Microsoft::CoreUI::Dispatch::UserAdapter::IsCurrentThreadUserInitialized+0x16
[GBRESOLVE] func=kernelbase!GetProcAddress
rcx=00007ff8412d0000
rdx=00007ff83b8631a2
00007ff8`3b8631a2  "IsGUIThread"
RetAddr               : Args to Child                                                           : Call Site
00007ff8`3b7d3ce1     : 00000000`00000000 0000002a`00000000 0000020f`f510d470 00000000`00000000 : KERNELBASE!GetProcAddress
00007ff8`3b7f3cd1     : 00002678`00000000 0000020f`f5173d80 00000000`00000001 0000020f`f518e140 : CoreMessaging!_delayLoadHelper2+0x151
00007ff8`3b7bfb62     : 00000000`00000000 0000020f`f4270200 7fffffff`fffffffc 0000002a`3ade7000 : CoreMessaging!_tailMerge_ext_ms_win_rtcore_ntuser_window_ext_l1_1_0_dll+0x3f
00007ff8`3b7bf24a     : ffffffff`ffffffff 00007ff8`3b793200 ffffffff`ffffffff 00000000`00000000 : CoreMessaging!Microsoft::CoreUI::Dispatch::UserAdapter::IsCurrentThreadUserInitialized+0x16
00007ff8`3b7bf09c     : 00000000`00000000 0000020f`f518e140 00000000`00000002 00000000`00000001 : CoreMessaging!Microsoft::CoreUI::Dispatch::Win32EventLoopBridge::CheckForUserIntegration+0x8a
[GBRESOLVE] func=kernelbase!LoadLibraryExW
0000020f`f515bf80  "C:\Windows\System32\OneCoreUAPCo"
0000020f`f515bfc0  "mmonProxyStub.dll"
RetAddr               : Args to Child                                                           : Call Site
00007ff8`3ffe4a85     : 00000000`00000000 00000000`00000000 00000000`00000000 00000000`00000000 : KERNELBASE!LoadLibraryExW
00007ff8`3ffe4573     : 00000000`00000000 0000002a`3b5fe560 0000020f`f518c710 0000020f`f515bf80 : combase!LoadLibraryWithLogging+0x2d
(Inline Function)     : --------`-------- --------`-------- --------`-------- --------`-------- : combase!CClassCache::CDllPathEntry::LoadDll::__l4::<lambda_eebf69f5a3250f8786ebc7c3378db176>::operator()+0x15
(Inline Function)     : --------`-------- --------`-------- --------`-------- --------`-------- : combase!DoImmediateCallback+0x1e
(Inline Function)     : --------`-------- --------`-------- --------`-------- --------`-------- : combase!CClassCache::CDllPathEntry::LoadDll+0x2e
[GBRESOLVE] func=kernelbase!GetProcAddress
rcx=00007ff83ffa0000
rdx=00007ff840264c50
00007ff8`40264c50  "CoGetMarshalSizeMax"
RetAddr               : Args to Child                                                           : Call Site
00007ff8`3fffcb82     : 00007ff8`3ffa0000 00000000`00000000 00000000`00000000 0000020f`f5135e28 : KERNELBASE!GetProcAddress
00007ff8`3fffcf12     : 0000020f`f51aaa18 0000002a`3b1fd980 00000000`00000000 00000000`00000000 : combase!InitMarshalling+0x42
00007ff8`3ffa6113     : 00000000`00000000 0000020f`f51aa7e0 00000000`00000000 00000000`00000000 : combase!ActivationPropertiesOut::OutSerializer::GetSize+0x42
(Inline Function)     : --------`-------- --------`-------- --------`-------- --------`-------- : combase!ActivationProperties::GetSize+0x2c3
00007ff8`3ffaba2b     : 0000020f`f51aa7e0 00000000`00000003 0000020f`f51aaa18 00000000`00000000 : combase!ActivationProperties::GetMarshalSizeMax+0x383
[GBRESOLVE] func=kernelbase!GetProcAddress
rcx=00007ff83ffa0000
rdx=00007ff840264ab8
00007ff8`40264ab8  "CoMarshalInterface"
RetAddr               : Args to Child                                                           : Call Site
00007ff8`3fffcb9f     : 0000002a`3b1fda30 00007ff8`400cbfc0 00000000`00000000 0000020f`f5135e28 : KERNELBASE!GetProcAddress
00007ff8`3fffcf12     : 0000020f`f51aaa18 0000002a`3b1fd980 00000000`00000000 00000000`00000000 : combase!InitMarshalling+0x5f
00007ff8`3ffa6113     : 00000000`00000000 0000020f`f51aa7e0 00000000`00000000 00000000`00000000 : combase!ActivationPropertiesOut::OutSerializer::GetSize+0x42
(Inline Function)     : --------`-------- --------`-------- --------`-------- --------`-------- : combase!ActivationProperties::GetSize+0x2c3
00007ff8`3ffaba2b     : 0000020f`f51aa7e0 00000000`00000003 0000020f`f51aaa18 00000000`00000000 : combase!ActivationProperties::GetMarshalSizeMax+0x383
[GBRESOLVE] func=kernelbase!GetProcAddress
rcx=00007ff83ffa0000
rdx=00007ff840271af0
00007ff8`40271af0  "CoUnmarshalInterface"
RetAddr               : Args to Child                                                           : Call Site
00007ff8`3fffcbbc     : 0000002a`3b1fda30 00007ff8`3fffa170 00000000`00000000 0000020f`f5135e28 : KERNELBASE!GetProcAddress
00007ff8`3fffcf12     : 0000020f`f51aaa18 0000002a`3b1fd980 00000000`00000000 00000000`00000000 : combase!InitMarshalling+0x7c
00007ff8`3ffa6113     : 00000000`00000000 0000020f`f51aa7e0 00000000`00000000 00000000`00000000 : combase!ActivationPropertiesOut::OutSerializer::GetSize+0x42
(Inline Function)     : --------`-------- --------`-------- --------`-------- --------`-------- : combase!ActivationProperties::GetSize+0x2c3
00007ff8`3ffaba2b     : 0000020f`f51aa7e0 00000000`00000003 0000020f`f51aaa18 00000000`00000000 : combase!ActivationProperties::GetMarshalSizeMax+0x383
[GBRESOLVE] func=kernelbase!GetProcAddress
rcx=00007ff83ffa0000
rdx=00007ff840271b38
00007ff8`40271b38  "CoReleaseMarshalData"
RetAddr               : Args to Child                                                           : Call Site
00007ff8`3fffcbd9     : 0000002a`3b1fda30 00007ff8`3fffa9e0 00000000`00000000 0000020f`f5135e28 : KERNELBASE!GetProcAddress
00007ff8`3fffcf12     : 0000020f`f51aaa18 0000002a`3b1fd980 00000000`00000000 00000000`00000000 : combase!InitMarshalling+0x99
00007ff8`3ffa6113     : 00000000`00000000 0000020f`f51aa7e0 00000000`00000000 00000000`00000000 : combase!ActivationPropertiesOut::OutSerializer::GetSize+0x42
(Inline Function)     : --------`-------- --------`-------- --------`-------- --------`-------- : combase!ActivationProperties::GetSize+0x2c3
00007ff8`3ffaba2b     : 0000020f`f51aa7e0 00000000`00000003 0000020f`f51aaa18 00000000`00000000 : combase!ActivationProperties::GetMarshalSizeMax+0x383
ModLoad: 00007ff8`32a90000 00007ff8`330d4000   C:\Windows\System32\OneCoreUAPCommonProxyStub.dll
[GBRESOLVE] func=kernelbase!GetProcAddress
rcx=00007ff832a90000
rdx=00007ff8402637d0
00007ff8`402637d0  "DllGetClassObject"
RetAddr               : Args to Child                                                           : Call Site
00007ff8`3ffe458f     : 00000000`00000000 0000002a`3b5fe560 0000020f`f518c710 0000020f`f515bf80 : KERNELBASE!GetProcAddress
(Inline Function)     : --------`-------- --------`-------- --------`-------- --------`-------- : combase!CClassCache::CDllPathEntry::LoadDll+0x4a
00007ff8`3ffe3e9a     : 00000000`00000000 0000020f`f518c710 0000002a`3b5fe600 00000000`80004000 : combase!CClassCache::CDllPathEntry::Create+0x8b
00007ff8`40014e98     : 00000000`00000000 00000000`80000401 00000000`00000000 0000002a`3b5fe9b0 : combase!CClassCache::CClassEntry::CreateDllClassEntry+0x142
00007ff8`3ffe5021     : 00000000`00000001 0000002a`3b5fe7f0 00000000`00000300 00007ff8`3fdbea10 : combase!CClassCache::GetClassObjectActivator+0x878
[GBRESOLVE] func=kernelbase!GetProcAddress
rcx=00007ff832a90000
rdx=00007ff8402637e8
00007ff8`402637e8  "DllGetActivationFactory"
RetAddr               : Args to Child                                                           : Call Site
00007ff8`3ffe45a9     : 0000002a`3b5fe560 00007ff8`32a91d00 0000020f`f518c710 0000020f`f515bf80 : KERNELBASE!GetProcAddress
(Inline Function)     : --------`-------- --------`-------- --------`-------- --------`-------- : combase!CClassCache::CDllPathEntry::LoadDll+0x64
00007ff8`3ffe3e9a     : 00000000`00000000 0000020f`f518c710 0000002a`3b5fe600 00000000`80004000 : combase!CClassCache::CDllPathEntry::Create+0xa5
00007ff8`40014e98     : 00000000`00000000 00000000`80000401 00000000`00000000 0000002a`3b5fe9b0 : combase!CClassCache::CClassEntry::CreateDllClassEntry+0x142
00007ff8`3ffe5021     : 00000000`00000001 0000002a`3b5fe7f0 00000000`00000300 00007ff8`3fdbea10 : combase!CClassCache::GetClassObjectActivator+0x878
[GBRESOLVE] func=kernelbase!GetProcAddress
rcx=00007ff832a90000
rdx=00007ff840263800
00007ff8`40263800  "DllCanUnloadNow"
RetAddr               : Args to Child                                                           : Call Site
00007ff8`3ffe45cc     : 0000002a`3b5fe560 00000000`00000000 0000020f`f518c710 0000020f`f515bf80 : KERNELBASE!GetProcAddress
(Inline Function)     : --------`-------- --------`-------- --------`-------- --------`-------- : combase!CClassCache::CDllPathEntry::LoadDll+0x87
00007ff8`3ffe3e9a     : 00000000`00000000 0000020f`f518c710 0000002a`3b5fe600 00000000`80004000 : combase!CClassCache::CDllPathEntry::Create+0xc8
00007ff8`40014e98     : 00000000`00000000 00000000`80000401 00000000`00000000 0000002a`3b5fe9b0 : combase!CClassCache::CClassEntry::CreateDllClassEntry+0x142
00007ff8`3ffe5021     : 00000000`00000001 0000002a`3b5fe7f0 00000000`00000300 00007ff8`3fdbea10 : combase!CClassCache::GetClassObjectActivator+0x878
[GBRESOLVE] func=kernelbase!GetProcAddress
rcx=00007ff841a40000
rdx=00007ff803194660
00007ff8`03194660  "RtlRegisterFeatureConfigurationC"
00007ff8`03194680  "hangeNotification"
RetAddr               : Args to Child                                                           : Call Site
00007ff8`0275d1ae     : 00000000`00000000 00000000`00000000 00000000`00000000 00000000`00000000 : KERNELBASE!GetProcAddress
(Inline Function)     : --------`-------- --------`-------- --------`-------- --------`-------- : Windows_UI_Xaml!wil_details_RtlRegisterFeatureConfigurationChangeNotification+0x6a
(Inline Function)     : --------`-------- --------`-------- --------`-------- --------`-------- : Windows_UI_Xaml!wil::details::FeatureStateManager::EnsureSubscribedToStateChangesUnderLock+0x7b
(Inline Function)     : --------`-------- --------`-------- --------`-------- --------`-------- : Windows_UI_Xaml!wil::details::FeatureStateManager::EnsureSubscribedToStateChangesUnderLock+0x82
00007ff8`028279bb     : 00007ff8`0323ba78 0000002a`3b5ff889 00007ff8`0323ba98 00000000`00000000 : Windows_UI_Xaml!wil::details::FeatureStateManager::SubscribeToEnabledStateChanges+0xc2
[GBRESOLVE] func=kernelbase!GetProcAddress
rcx=00007ff841a40000
rdx=00007ff80318b608
00007ff8`0318b608  "RtlDisownModuleHeapAllocation"
RetAddr               : Args to Child                                                           : Call Site
00007ff8`0275bab7     : 00007ff8`41a40000 00000000`00000040 0000020f`f5000000 00000000`00000000 : KERNELBASE!GetProcAddress
00007ff8`0275b9b3     : 00007ff8`03230da0 0000002a`3b5ff6b0 00007ff8`029781d0 00007ff8`0323ba98 : Windows_UI_Xaml!wil::details::ProcessHeapAlloc+0x77
00007ff8`0275bce0     : 00007ff8`03230da0 00007ff8`0323ba78 0000002a`3b5ff6b0 00000000`00000010 : Windows_UI_Xaml!wil::details_abi::heap_buffer::reserve+0x4b
00007ff8`0275bb64     : 00007ff8`03230da0 00007ff8`03230dc0 00007ff8`03230d30 0000020f`f517da60 : Windows_UI_Xaml!wil::details_abi::heap_buffer::push_back+0x20
(Inline Function)     : --------`-------- --------`-------- --------`-------- --------`-------- : Windows_UI_Xaml!wil::details_abi::heap_vector<wil::details_abi::SubscriptionList::Subscription>::push_back+0x1d
[GBRESOLVE] func=kernelbase!GetProcAddress
rcx=00007ff841a40000
rdx=00007ff8031b6758
00007ff8`031b6758  "RtlQueryFeatureConfiguration"
RetAddr               : Args to Child                                                           : Call Site
00007ff8`0293c615     : 00000000`00000000 00007ff8`41b3dee0 0000020f`00000993 00000000`00000000 : KERNELBASE!GetProcAddress
(Inline Function)     : --------`-------- --------`-------- --------`-------- --------`-------- : Windows_UI_Xaml!wil_details_RtlQueryFeatureConfiguration+0x11
00007ff8`0275b75b     : 00007ff8`0323ba98 00007ff8`0275bb64 00007ff8`032446c0 00007ff8`03230dc0 : Windows_UI_Xaml!wil_RtlStagingConfig_QueryFeatureState+0x5d
(Inline Function)     : --------`-------- --------`-------- --------`-------- --------`-------- : Windows_UI_Xaml!wil_QueryFeatureState+0x25
00007ff8`0275b690     : 0000002a`3b5ff788 0000002a`3b5ff889 00007ff8`03230d30 00007ff8`00000000 : Windows_UI_Xaml!wil::details::IsFeatureConfigured+0x9f
[GBRESOLVE] func=kernelbase!GetProcAddress
rcx=00007ff8412d0000
rdx=00007ff83b863202
00007ff8`3b863202  "RegisterClassExW"
RetAddr               : Args to Child                                                           : Call Site
00007ff8`3b7d3ce1     : 00000000`00000000 0000002a`3b5ff130 00000000`00000000 00007ff8`332379c1 : KERNELBASE!GetProcAddress
00007ff8`3b7f3cd1     : 00000001`00000000 00007ff8`3b760000 00000000`00000050 00000000`00000000 : CoreMessaging!_delayLoadHelper2+0x151
00007ff8`3b7c0176     : 0000002a`3b5ff220 00000000`00000020 00000000`00000030 00000000`00000040 : CoreMessaging!_tailMerge_ext_ms_win_rtcore_ntuser_window_ext_l1_1_0_dll+0x3f
00007ff8`3b7c00a9     : 00000000`00000000 0000002a`3b5ff3a0 0000002a`3b5ff390 0000002a`3b5ff390 : CoreMessaging!Microsoft::CoreUI::Dispatch::UserAdapter::NoContext_InitializeWindowClass+0x6a
00007ff8`3b7bff97     : 00007ff8`3b760000 0000002a`3b5ff390 00000000`00000000 00000000`00000002 : CoreMessaging!Microsoft::CoreUI::Dispatch::UserAdapter::NoContext_CreateWindow+0x35
[GBRESOLVE] func=kernelbase!GetProcAddress
rcx=00007ff8412d0000
rdx=00007ff83b8631d2
00007ff8`3b8631d2  "CreateWindowExW"
RetAddr               : Args to Child                                                           : Call Site
00007ff8`3b7d3ce1     : 0000cfc0`4d53095d 0000002a`3b5ff398 00000000`00000000 0000002a`3b5ff3d8 : KERNELBASE!GetProcAddress
00007ff8`3b7f3cd1     : 00000000`00000000 00000000`00000000 0000002a`3b5ff390 0000020f`f519edb0 : CoreMessaging!_delayLoadHelper2+0x151
00007ff8`3b7c00f2     : 00000000`00000000 00007ff8`3b845da0 00000000`00000000 00000000`00000000 : CoreMessaging!_tailMerge_ext_ms_win_rtcore_ntuser_window_ext_l1_1_0_dll+0x3f
00007ff8`3b7bff97     : 00007ff8`3b760000 0000002a`3b5ff390 00000000`00000000 00000000`00000002 : CoreMessaging!Microsoft::CoreUI::Dispatch::UserAdapter::NoContext_CreateWindow+0x7e
00007ff8`3b7bfe6f     : 00000000`00000000 00000000`00000058 0000020f`f519edb0 00000000`00000000 : CoreMessaging!Microsoft::CoreUI::Dispatch::UserAdapter::CreateWindowWithReentrancyCheck+0x67
[GBRESOLVE] func=kernelbase!GetProcAddress
rcx=00007ff8412d0000
rdx=00007ff83b8631b0
00007ff8`3b8631b0  "DefWindowProcW"
RetAddr               : Args to Child                                                           : Call Site
00007ff8`3b7d3ce1     : 00000000`00000000 0000002a`3b5fe8d8 00000000`00000000 00007ff8`412f8f6a : KERNELBASE!GetProcAddress
00007ff8`3b7f3cd1     : 00000000`00000000 00000000`00000000 00000000`00000001 00000000`007107cc : CoreMessaging!_delayLoadHelper2+0x151
00007ff8`3b784059     : 00000000`007107cc 00000000`00000024 00000000`00000000 0000002a`3b5fecc0 : CoreMessaging!_tailMerge_ext_ms_win_rtcore_ntuser_window_ext_l1_1_0_dll+0x3f
00007ff8`412e81d6     : 00000000`00000000 0000002a`3b5fee10 00000000`00000001 00000000`00000000 : CoreMessaging!Microsoft::CoreUI::Dispatch::UserAdapter::WindowProc+0x1b9
00007ff8`412e7a5c     : 00000000`00000008 00007ff8`3b783ea0 00000000`007107cc 00000000`80000000 : USER32!UserCallWinProcCheckWow+0x356
[GBRESOLVE] func=kernelbase!LoadLibraryExW
0000020f`f51be480  "C:\Windows\System32\oleaut32.dll"
0000020f`f51be4c0  ""
RetAddr               : Args to Child                                                           : Call Site
00007ff8`3ffe4a85     : 00000000`00000000 00000000`00000000 00000000`00000000 00000000`00000000 : KERNELBASE!LoadLibraryExW
00007ff8`3ffe4573     : 00000000`00000000 0000002a`3b1fcd80 0000020f`f518bab0 0000020f`f51be480 : combase!LoadLibraryWithLogging+0x2d
(Inline Function)     : --------`-------- --------`-------- --------`-------- --------`-------- : combase!CClassCache::CDllPathEntry::LoadDll::__l4::<lambda_eebf69f5a3250f8786ebc7c3378db176>::operator()+0x15
(Inline Function)     : --------`-------- --------`-------- --------`-------- --------`-------- : combase!DoImmediateCallback+0x1e
(Inline Function)     : --------`-------- --------`-------- --------`-------- --------`-------- : combase!CClassCache::CDllPathEntry::LoadDll+0x2e
[GBRESOLVE] func=kernelbase!GetProcAddress
rcx=00007ff83fcb0000
rdx=00007ff8402637d0
00007ff8`402637d0  "DllGetClassObject"
RetAddr               : Args to Child                                                           : Call Site
00007ff8`3ffe458f     : 00000000`00000000 0000002a`3b1fcd80 0000020f`f518bab0 0000020f`f51be480 : KERNELBASE!GetProcAddress
(Inline Function)     : --------`-------- --------`-------- --------`-------- --------`-------- : combase!CClassCache::CDllPathEntry::LoadDll+0x4a
00007ff8`3ffe3e9a     : 00000000`00000000 0000020f`f518bab0 0000002a`3b1fce00 00000000`80004000 : combase!CClassCache::CDllPathEntry::Create+0x8b
00007ff8`40014e98     : 00000000`00000000 00000000`80000401 00000000`00000000 0000002a`3b1fd1d0 : combase!CClassCache::CClassEntry::CreateDllClassEntry+0x142
00007ff8`3ffe5021     : 00000000`00000001 0000002a`3b1fd010 00000000`00000300 00007ff8`3fdbea10 : combase!CClassCache::GetClassObjectActivator+0x878
[GBRESOLVE] func=kernelbase!GetProcAddress
rcx=00007ff83fcb0000
rdx=00007ff8402637e8
00007ff8`402637e8  "DllGetActivationFactory"
RetAddr               : Args to Child                                                           : Call Site
00007ff8`3ffe45a9     : 0000002a`3b1fcd80 00007ff8`3fce8180 0000020f`f518bab0 0000020f`f51be480 : KERNELBASE!GetProcAddress
(Inline Function)     : --------`-------- --------`-------- --------`-------- --------`-------- : combase!CClassCache::CDllPathEntry::LoadDll+0x64
00007ff8`3ffe3e9a     : 00000000`00000000 0000020f`f518bab0 0000002a`3b1fce00 00000000`80004000 : combase!CClassCache::CDllPathEntry::Create+0xa5
00007ff8`40014e98     : 00000000`00000000 00000000`80000401 00000000`00000000 0000002a`3b1fd1d0 : combase!CClassCache::CClassEntry::CreateDllClassEntry+0x142
00007ff8`3ffe5021     : 00000000`00000001 0000002a`3b1fd010 00000000`00000300 00007ff8`3fdbea10 : combase!CClassCache::GetClassObjectActivator+0x878
[GBRESOLVE] func=kernelbase!GetProcAddress
rcx=00007ff83fcb0000
rdx=00007ff840263800
00007ff8`40263800  "DllCanUnloadNow"
RetAddr               : Args to Child                                                           : Call Site
00007ff8`3ffe45cc     : 0000002a`3b1fcd80 00000000`00000000 0000020f`f518bab0 0000020f`f51be480 : KERNELBASE!GetProcAddress
(Inline Function)     : --------`-------- --------`-------- --------`-------- --------`-------- : combase!CClassCache::CDllPathEntry::LoadDll+0x87
00007ff8`3ffe3e9a     : 00000000`00000000 0000020f`f518bab0 0000002a`3b1fce00 00000000`80004000 : combase!CClassCache::CDllPathEntry::Create+0xc8
00007ff8`40014e98     : 00000000`00000000 00000000`80000401 00000000`00000000 0000002a`3b1fd1d0 : combase!CClassCache::CClassEntry::CreateDllClassEntry+0x142
00007ff8`3ffe5021     : 00000000`00000001 0000002a`3b1fd010 00000000`00000300 00007ff8`3fdbea10 : combase!CClassCache::GetClassObjectActivator+0x878
[GBRESOLVE] func=kernelbase!LoadLibraryExW
0000020f`f51bcf80  "ext-ms-win-rtcore-ntuser-integra"
0000020f`f51bcfc0  "tion-l1-1-0.dll"
RetAddr               : Args to Child                                                           : Call Site
00007ff8`3eb84324     : 0000002a`3b5ff1b0 00007ff8`0000005e 0000020f`f519ed01 00007ff8`0000005e : KERNELBASE!LoadLibraryExW
00007ff8`3b7d3d14     : 00000000`00000000 00007ff8`412f8372 0000002a`00000000 00000000`00000000 : KERNELBASE!LoadLibraryExA+0x64
00007ff8`3b7f3c10     : 00000000`00000000 00000000`007107cc 0000002a`3b5ff390 0000020f`f519edb0 : CoreMessaging!_delayLoadHelper2+0x184
00007ff8`3b7bffe0     : 00000000`007107cc 0000002a`3b5ff390 00000000`00000000 0000002a`3b5fee10 : CoreMessaging!_tailMerge_ext_ms_win_rtcore_ntuser_integration_l1_1_0_dll+0x3f
00007ff8`3b7bfe6f     : 00000000`00000000 00000000`00000058 0000020f`f519edb0 00000000`00000000 : CoreMessaging!Microsoft::CoreUI::Dispatch::UserAdapter::CreateWindowWithReentrancyCheck+0xb0
[GBRESOLVE] func=kernelbase!GetProcAddress
rcx=00007ff8412d0000
rdx=0000000000000a6d
RetAddr               : Args to Child                                                           : Call Site
00007ff8`3b7d3ce1     : 00000000`00000000 00007ff8`412f8372 0000002a`00000000 00000000`00000000 : KERNELBASE!GetProcAddress
00007ff8`3b7f3c10     : 00000000`00000000 00000000`007107cc 0000002a`3b5ff390 0000020f`f519edb0 : CoreMessaging!_delayLoadHelper2+0x151
00007ff8`3b7bffe0     : 00000000`007107cc 0000002a`3b5ff390 00000000`00000000 0000002a`3b5fee10 : CoreMessaging!_tailMerge_ext_ms_win_rtcore_ntuser_integration_l1_1_0_dll+0x3f
00007ff8`3b7bfe6f     : 00000000`00000000 00000000`00000058 0000020f`f519edb0 00000000`00000000 : CoreMessaging!Microsoft::CoreUI::Dispatch::UserAdapter::CreateWindowWithReentrancyCheck+0xb0
00007ff8`3b7bfd07     : 0000020f`f51b7370 0000020f`f519ed00 0000020f`f518ed01 00000000`00000000 : CoreMessaging!Microsoft::CoreUI::Dispatch::UserAdapter::InitializeWindow+0x47
[GBRESOLVE] func=kernelbase!GetProcAddress
rcx=00007ff8412d0000
rdx=00007ff83b863288
00007ff8`3b863288  "SetTimer"
RetAddr               : Args to Child                                                           : Call Site
00007ff8`3b7d3ce1     : 00007ff8`41344290 00007ff8`3b7d4003 00007ff8`412d0000 00007ff8`412d0000 : KERNELBASE!GetProcAddress
00007ff8`3b7f3cd1     : 0000020f`00000000 00000000`00000001 0000002a`3b5ff390 00000000`007107cc : CoreMessaging!_delayLoadHelper2+0x151
00007ff8`3b7c0b7b     : 00000000`007107cc 00000000`00000001 00000000`7fffffff 00000000`00000000 : CoreMessaging!_tailMerge_ext_ms_win_rtcore_ntuser_window_ext_l1_1_0_dll+0x3f
00007ff8`3b7c0024     : 00000000`00000000 00000000`007107cc 00000000`00000000 0000002a`3b5fee10 : CoreMessaging!Microsoft::CoreUI::Dispatch::UserAdapter::SetBackupTimer+0x33
00007ff8`3b7bfe6f     : 00000000`00000000 00000000`00000374 0000020f`f519edb0 00000000`00000374 : CoreMessaging!Microsoft::CoreUI::Dispatch::UserAdapter::CreateWindowWithReentrancyCheck+0xf4
[GBRESOLVE] func=kernelbase!GetProcAddress
rcx=00007ff8412d0000
rdx=00007ff83b863260
00007ff8`3b863260  "SendMessageCallbackW"
RetAddr               : Args to Child                                                           : Call Site
00007ff8`3b7d3ce1     : 0000020f`f51141a0 00000000`00000000 00000000`00000000 00000000`00000000 : KERNELBASE!GetProcAddress
00007ff8`3b7f3cd1     : 0000020f`00000000 00000000`00000001 00000000`00000005 00000000`007107cc : CoreMessaging!_delayLoadHelper2+0x151
00007ff8`3b7c0a41     : 00000000`007107cc 00000000`00000060 00000000`00000005 00000000`00000005 : CoreMessaging!_tailMerge_ext_ms_win_rtcore_ntuser_window_ext_l1_1_0_dll+0x3f
00007ff8`3b7c04d5     : 00000000`00000001 00000000`00000000 0000020f`f5180ba0 00000000`00000000 : CoreMessaging!Microsoft::CoreUI::Dispatch::UserAdapter::AsyncSendMessage+0x4d
00007ff8`3b786640     : 0000020f`f51b8e40 00007ff8`41a8ecb6 0000002a`3b5ff359 00000000`00000000 : CoreMessaging!Microsoft::CoreUI::Dispatch::DeferredUserDispatcher::DeferredScheduleDispatchCallback+0x225
ModLoad: 00007ff8`21e90000 00007ff8`22075000   C:\WINDOWS\SYSTEM32\urlmon.dll
ModLoad: 00007ff8`3c790000 00007ff8`3cff0000   C:\WINDOWS\SYSTEM32\windows.storage.dll
[GBRESOLVE] func=kernelbase!LoadLibraryExW
0000020f`f51be4e0  "C:\Windows\System32\iertutil.dll"
0000020f`f51be520  ""
RetAddr               : Args to Child                                                           : Call Site
00007ff8`3ffe4a85     : 0000020f`f5189ec0 0000020f`f51b91c0 00000000`c0f26088 00007ff8`3ffddd61 : KERNELBASE!LoadLibraryExW
00007ff8`3ffe4573     : 00000000`00000000 0000002a`3b4fcb30 0000020f`f5174d60 0000020f`f51be4e0 : combase!LoadLibraryWithLogging+0x2d
(Inline Function)     : --------`-------- --------`-------- --------`-------- --------`-------- : combase!CClassCache::CDllPathEntry::LoadDll::__l4::<lambda_eebf69f5a3250f8786ebc7c3378db176>::operator()+0x15
(Inline Function)     : --------`-------- --------`-------- --------`-------- --------`-------- : combase!DoImmediateCallback+0x1e
(Inline Function)     : --------`-------- --------`-------- --------`-------- --------`-------- : combase!CClassCache::CDllPathEntry::LoadDll+0x2e
[GBRESOLVE] func=kernelbase!GetProcAddress
rcx=00007ff823910000
rdx=00007ff8402637d0
00007ff8`402637d0  "DllGetClassObject"
RetAddr               : Args to Child                                                           : Call Site
00007ff8`3ffe458f     : 00000000`00000000 0000002a`3b4fcb30 0000020f`f5174d60 0000020f`f51be4e0 : KERNELBASE!GetProcAddress
(Inline Function)     : --------`-------- --------`-------- --------`-------- --------`-------- : combase!CClassCache::CDllPathEntry::LoadDll+0x4a
00007ff8`4000da58     : 00000000`00000000 00000000`00000000 0000002a`3b4fcc00 0000002a`3b4fcb00 : combase!CClassCache::CDllPathEntry::Create+0x8b
(Inline Function)     : --------`-------- --------`-------- --------`-------- --------`-------- : combase!CClassCache::GetOrLoadDllPathEntryForWinrt+0x63b
00007ff8`4000bf61     : 00000000`00000000 00000000`00000000 00000000`00000000 0000002a`3b4fd0e0 : combase!CClassCache::GetOrLoadWinRTInprocClass+0x718
[GBRESOLVE] func=kernelbase!GetProcAddress
rcx=00007ff823910000
rdx=00007ff8402637e8
00007ff8`402637e8  "DllGetActivationFactory"
RetAddr               : Args to Child                                                           : Call Site
00007ff8`3ffe45a9     : 0000002a`3b4fcb30 00007ff8`2396d670 0000020f`f5174d60 0000020f`f51be4e0 : KERNELBASE!GetProcAddress
(Inline Function)     : --------`-------- --------`-------- --------`-------- --------`-------- : combase!CClassCache::CDllPathEntry::LoadDll+0x64
00007ff8`4000da58     : 00000000`00000000 00000000`00000000 0000002a`3b4fcc00 0000002a`3b4fcb00 : combase!CClassCache::CDllPathEntry::Create+0xa5
(Inline Function)     : --------`-------- --------`-------- --------`-------- --------`-------- : combase!CClassCache::GetOrLoadDllPathEntryForWinrt+0x63b
00007ff8`4000bf61     : 00000000`00000000 00000000`00000000 00000000`00000000 0000002a`3b4fd0e0 : combase!CClassCache::GetOrLoadWinRTInprocClass+0x718
[GBRESOLVE] func=kernelbase!GetProcAddress
rcx=00007ff823910000
rdx=00007ff840263800
00007ff8`40263800  "DllCanUnloadNow"
RetAddr               : Args to Child                                                           : Call Site
00007ff8`3ffe45cc     : 0000002a`3b4fcb30 00007ff8`2394e540 0000020f`f5174d60 0000020f`f51be4e0 : KERNELBASE!GetProcAddress
(Inline Function)     : --------`-------- --------`-------- --------`-------- --------`-------- : combase!CClassCache::CDllPathEntry::LoadDll+0x87
00007ff8`4000da58     : 00000000`00000000 00000000`00000000 0000002a`3b4fcc00 0000002a`3b4fcb00 : combase!CClassCache::CDllPathEntry::Create+0xc8
(Inline Function)     : --------`-------- --------`-------- --------`-------- --------`-------- : combase!CClassCache::GetOrLoadDllPathEntryForWinrt+0x63b
00007ff8`4000bf61     : 00000000`00000000 00000000`00000000 00000000`00000000 0000002a`3b4fd0e0 : combase!CClassCache::GetOrLoadWinRTInprocClass+0x718
[GBRESOLVE] func=kernelbase!GetProcAddress
rcx=00007ff83eb70000
rdx=00007ff83ce97d98
